id,life_stage,theme,summary,quote,emotion,values,sociological_note,type,institution,housing_promised,market_participation,collapse_context
1,Детство и юность,"Семья, воспитание и первые годы жизни","Респондент родился в Ярославле, родители переехали из деревни работать на завод. Детство прошло в Волжске, где родители работали в смены, а дети были предоставлены сами себе. Воспоминания о свободе, самостоятельности и опасных играх с друзьями. В семье был старший брат, с ними жила бабушка, отношения между мамой и бабушкой были напряжёнными.","Мы в школу ходили. Бегали. В общем, предоставлены были сами себе. Я сейчас вспоминаю, как сейчас мобильный телефон, а ты туда дойдешь, а ты мне позвони. А тут вообще ушел куда-то ребенок, вернулся к ночи вообще живой, слава Богу. И никто даже не переживал, где он, что там.","ностальгия, лёгкая ирония, принятие","самостоятельность, свобода, семейные связи, выживание","Детство респондента прошло в условиях позднесоветской провинции, где дети были относительно автономны, а родители заняты тяжелым трудом. Семейные отношения типичны для того времени: многопоколенная семья, конфликты между поколениями, коллективное воспитание.",эпизод,"школа, завод, семья",0.0,0.0,
2,Юность и ранняя взрослость,Образование и армия,"После окончания 8 классов респондент поступил в техникум по примеру старшего брата, затем служил три года на военно-морском флоте, побывал на надводных кораблях, подлодке и авианосце. Воспоминания о службе наполнены деталями быта и ощущением приключения.","Я служил на надводных кораблях, но послужил месяц на подлодке и неделю на авианосце в 14-палубном Средиземноморье. Тогда из Севастополя, еще тогда он был русский, российский, 86-89 год, ходили на боевую службу в Средиземное море.","гордость, интерес, лёгкая ирония","дисциплина, приключения, преодоление трудностей",Поступление в техникум и служба в армии были стандартными траекториями для молодых людей советского времени. Армия выступает как важный институт социализации и взросления.,эпизод,"техникум, армия (военно-морской флот)",0.0,0.0,
3,Ранняя взрослость,Работа на заводе и советский быт,"После армии респондент работал на заводе, описывает тяжелые условия труда и дефицит товаров в позднесоветское время. Вспоминает очереди за продуктами и бытовые трудности.","В те времена... условия были, я бы сказал, такие адские. В тех условиях, я вообще не знаю, что людей держало десятилетиями работать на этих заводах, где утром надо впихиваться в автобус, и это еще надо было уметь делать, чтобы в автобус влезть, на работу приехать.","раздражение, усталость, ирония","выживание, трудолюбие, адаптация","Работа на заводе и борьба за дефицитные товары — типичный опыт для поколения, выросшего в СССР. Описания очередей и бытовых сложностей иллюстрируют повседневную жизнь советского рабочего класса.",эпизод,завод,0.0,0.0,
4,Переходный период (начало 1990-х),Предпринимательство и поиск себя,"После аварии и работы сторожем респондент включился в волну предпринимательства 1990-х: торговля шоколадками, мебелью, открытие собственного магазина, расширение бизнеса. Кризис 1998 года разрушил партнерские отношения, и он переехал в Москву.","А потом началось эра предпринимательства. Это, наверное, 92-й, может быть, или 3-й год. Стали открываться всякие индивидуальные частные предприятия. Продавать всякие шоколадки. Потом они открыли мебельный магазин...","энтузиазм, азарт, разочарование (после кризиса)","предприимчивость, самостоятельность, адаптация к переменам","Переход к рыночной экономике в 1990-е открыл новые возможности для инициативных людей, но сопровождался высокой нестабильностью и рисками. Биография респондента отражает типичный путь «нового предпринимателя» того времени.",перелом,"малый бизнес, рынок",0.0,1.0,
5,"Взрослая жизнь, зрелость","Переезд в Москву, смена профессий и новые проекты","После неудачи в бизнесе респондент переехал в Москву, работал электромонтажником, затем открыл своё предприятие в сфере электромонтажа. Позже увлёкся инфобизнесом, участвовал в семинарах, организовывал тренинги, познакомился с будущей женой.","Потом три года поработав там, поднадоело мне, решил с товарищем открыть свое частное предприятие, занимались там электрикой по Москве, по Подмосковью... Потом это все мне поднадоело, решил я пойти в инфобизнес...","усталость, поиск нового, интерес","развитие, обучение, самореализация","Череда смен профессий и сфер деятельности — характерная черта для поколения, пережившего экономические потрясения 1990-х и 2000-х. Важную роль начинают играть новые формы занятости (инфобизнес, коучинг).",узел,"малый бизнес, инфобизнес",0.0,1.0,
6,Семейная жизнь и зрелость,"Семья, переезды, новые бизнесы","Познакомился с женой на одном из тренингов, переехал в Сыктывкар, открыл рекламное агентство, затем снова переезд в Москву, работа в рекламе, потом запуск бизнеса по продаже термотрансферов. В последние годы переезд в Геленджик и открытие собственного производства.","Потом, через какое-то время, года через два, наверное, одну из таких игр встретил свою жену настоящую. Ну и все, уехал в Сыктывкар. Она в Сыктывкар была. Там открыл рекламное агентство...","удовлетворение, интерес, динамика","семья, мобильность, предпринимательство",Семейная жизнь тесно переплетена с профессиональной: переезды связаны с бизнесом и семьёй. Гибкость и готовность к переменам — важные черты для успешной адаптации в постсоветской России.,узел,"семья, малый бизнес",1.0,1.0,
7,Рефлексия и самоопределение,Отношение к переменам и разнообразию опыта,"Респондент отмечает, что не любит повторять одни и те же действия, предпочитает разнообразие и новые вызовы. Это отражается в его биографии: частая смена сфер деятельности, переезды, новые проекты.",Мне вообще не нравится по одной и той же дороге много раз ходить. если в одно и то же место.,"самоирония, принятие себя","разнообразие, развитие, свобода выбора","Декларация ценностей респондента иллюстрирует индивидуалистическую стратегию жизни, характерную для части постсоветского среднего класса. Готовность к переменам становится ключевой компетенцией.",декларация,,0.0,1.0,
8,Детство,Детские мечты,"В детстве респондент мечтал стать космонавтом, что типично для советских детей того времени.","Конечно, письмонавты.","ностальгия, улыбка","мечтательность, устремленность в будущее","Мечта о космосе — маркер эпохи, когда советская космическая программа формировала детские идеалы.",эпизод,,0.0,0.0,
1,Детство,Яркие воспоминания и досуг в детстве,"Респондент вспоминает активные и самостоятельные игры с друзьями, приключения на природе, поездки на рыбалку, лазание по коллекторам, строительство шалашей, помощь родителям на даче.","Самый яркий – это как раз лазение по коллекторам, на рыбалку, когда ездили, или мальчишками ходили сами куда-то на речку или на озера.","ностальгия, радость","самостоятельность, дружба, приключения, связь с природой","Детство респондента прошло в условиях относительной свободы и самостоятельности, характерных для советских и постсоветских дворовых практик. Важную роль играли неформальные группы сверстников и самостоятельное освоение пространства.",эпизод,"семья, неформальные детские группы",,,
2,"Юность, школьные годы",Отношение к учебе и первые трудовые опыты,"Респондент рассказывает о равнодушии к учебе и о том, как родители летом отправляли подрабатывать на заводы, чтобы не слонялся без дела.","Потому что, понимаете, дальше пошло что-то непонятное, и ты не понимал, зачем оно тебе в жизни пригодится. То есть запроса на это не было.","безразличие, легкая ирония","практичность, трудолюбие, семейные традиции",Раннее вовлечение в трудовую деятельность и скепсис по отношению к формальному образованию типичны для многих семей рабочего класса постсоветского пространства.,эпизод,"школа, завод, семья",,,
3,"Ранняя взрослость, предпринимательство в 90-х – 2000-х","Бизнес-успехи и кризис, столкновение с криминалом","Респондент описывает период предпринимательства: успехи, финансовое благополучие, а затем резкий кризис, долги, вынужденный переезд в подвал магазина, страх перед криминальными структурами.","Деньги закончились и на съем. И мы переехали в подвал магазина. Жили месяца два или три, наверное, в подвале. Среди мебели.","напряжение, страх, разочарование, затем облегчение","самостоятельность, ответственность, выживание, честность","История типична для предпринимателей 90-х – начала 2000-х: быстрые взлеты, неустойчивость, риски, давление криминальных структур. Важна тема личной ответственности и страха.",перелом,,"утрата жилья, вынужденное жилье в подвале","малый бизнес, торговля мебелью",
4,"Переосмысление, возвращение и разрыв с прошлым","Возвращение к прошлым делам, закрытие долгов, личная смелость","Респондент спустя годы возвращается к бывшим партнерам, чтобы закрыть вопрос с долгами, испытывает страх, но находит в себе силы для честного разговора и окончательного разрыва.",Я просто свалил оттуда и всё.,"страх, облегчение, гордость","честность, смелость, личные границы",Показателен опыт личного взросления через преодоление страха и честный диалог с представителями криминализированного бизнеса.,узел,,,выход из бизнеса,
5,"Переезд, новые отношения, поиски себя","Личные отношения, эмиграция, поиски смысла","После переезда в Москву и возвращения респондент заводит новые отношения, задумывается о жизни на земле, предпринимательстве, обсуждает идеи поселений и самообеспечения.","Каждый раз, когда я говорил про вот это, что хочу гектар, хочу на земле жить, хочу дом деревянный со сруба, ну и предпринимательство какое-нибудь.","мечтательность, разочарование, поиск","самостоятельность, свобода, экологичность, предпринимательство","Видна типичная для 2000-х волна интереса к альтернативным формам жизни (эко-поселения, предпринимательство вне города), а также влияние новых идеологических течений (Анастасиевцы, Юрий Мороз).",декларация,"альтернативные сообщества, неформальные сети",,,
6,"Семейная жизнь, развод, новые отношения",Семейные кризисы и новые союзы,"Респондент рассказывает о первом браке, разводе, и о том, как позволил себе быть счастливым, начав новые отношения, которые длятся уже 20 лет.","Я позволил себе, да, быть счастливым. И вот с ней мы 20 лет в прошлом году были вместе.","освобождение, благодарность, удовлетворение","искренность, счастье, личная свобода, верность себе",Переход от традиционных установок (надо терпеть ради слова) к ценности личного счастья и самореализации в отношениях.,перелом,"семья, партнерство",,,
7,"Настоящее, зрелость","Распорядок дня, баланс работы и отдыха","Респондент описывает свой текущий распорядок дня: забота о семье, спорт, работа на собственном предприятии, баня с друзьями. Подчеркивает легкость и отсутствие стресса.","Я сильно не напрягаюсь. Да, вот, да, как-то так оно и выглядит.","спокойствие, удовлетворение","баланс, здоровье, семья, свобода","Демонстрируется переход к зрелому стилю жизни, где ценится баланс между работой и личным временем, а также забота о себе и близких.",эпизод,"семья, малый бизнес",,,True
8,"Настоящее, зрелость",Профессиональная самореализация и смена ролей,"Респондент осваивает новую специальность (печатник), отмечает опыт работы руками и в маркетинге, а также постепенный отход от коучинга и маркетинга из-за потери интереса.","Последнее время я уже ничего не собираю, наверное, с конца лета прошлого года. Не вижу своей эффективности в этих вопросах, в этих делах.","спокойствие, принятие","разнообразие, свобода выбора, самореализация","Показательна гибкость профессиональной идентичности, характерная для постсоветских предпринимателей и людей с опытом самоорганизации.",эпизод,,,"малый бизнес, ручной труд, маркетинг",
9,"Настоящее, зрелость",Переосмысление ценностей и честность,"Респондент размышляет о важности честности, отказе от подстраивания под других, приводит примеры из прошлого, когда стремился быть хорошим для всех, и как это привело к внутренним конфликтам.","Я для всех должен быть хорошим человеком. И понимаешь, что это такая манера общения моих родителей и моей мамы.","саморефлексия, освобождение","честность, независимость, самоуважение","Происходит осознанный отказ от паттернов угождения и переход к аутентичности, что характерно для зрелого возраста и личностного роста.",декларация,,,,
10,"Настоящее, зрелость","Роль в семейном бизнесе, смена приоритетов","Респондент рассказывает, что предприятие теперь оформлено на жену, сам он долгое время не участвовал в делах, предпочитая путешествия и личные интересы.","Она сначала числилась на мне, потом жена сказала, раз ты не хочешь туда идти, то я буду этим заниматься. Ну и отлично.","спокойствие, принятие, легкость","свобода, доверие, партнерство","Показательна смена гендерных ролей и распределения ответственности в семье, а также приоритет личных интересов над традиционной моделью мужского лидерства.",узел,семейный бизнес,,,
1,Текущий этап (последние 1-2 года),Работа и экономическая нестабильность,"Респондент рассказывает о резком ухудшении экономической ситуации на предприятии, где он работает, что привело к увольнениям и переезду компании. Работа не является делом мечты, но сейчас это единственный источник дохода.","Я принимал решение, конечно же, не говоря, что, слушай, я мечтал до 60 лет, что, значит, наконец-то я начну печатником нюхать краску и растворить их, да, и этим заниматься.","Сдержанное недовольство, принятие обстоятельств","Стабильность, адаптация, ответственность за семью","Экономическая нестабильность влияет на профессиональную идентичность и вынуждает к компромиссам в выборе работы. Респондент демонстрирует адаптивность, но не испытывает удовлетворения от текущей деятельности.",эпизод,Работа на частном предприятии,,"Вынужденное участие, низкая удовлетворенность",
2,Период до ухудшения экономической ситуации (2-3 года назад),Стиль жизни и досуг,"Респондент описывает свой прежний образ жизни как расслабленный и наполненный удовольствиями: катание на велосипеде, посещение кафе, время с детьми. Работа не занимала центрального места.","Я, честно, балдел все это время.","Удовлетворение, легкость","Свобода, удовольствие от жизни, семейные ценности","Респондент ценит баланс между работой и личной жизнью, предпочитая досуг и семейное время профессиональным амбициям.",эпизод,,,,True
3,Текущий этап,Культурные предпочтения и отношение к природе,"Респондент предпочитает фильмы и сериалы с интересным сюжетом, не любит читать книги, предпочитает живое общение. Природа и близость к морю — важная часть жизни, ради чего он переехал из Москвы.","Я из Москвы из-за этого уехал, потому что там ее и нету, там природы.","Удовлетворение, спокойствие","Природа, непосредственность, живое общение",Переезд из мегаполиса в малый город мотивирован стремлением к экологичному и размеренному образу жизни.,декларация,,Переезд в Геленджик ради природы,,
4,Текущий этап,Экологические привычки,"Респондент не считает себя активным сторонником экологических движений, но придерживается бытовых экологических практик: убирает мусор на природе, старается не оставлять следов.","Весь мусор вокруг соберем, конечно, будем вынести, если он там есть. себя не оставляем.","Спокойствие, умеренная забота","Ответственность, чистота, уважение к природе","Экологические практики респондента ситуативны и не идеологизированы, но встроены в повседневное поведение.",эпизод,,,,
5,Текущий этап,Свобода и структура повседневности,"Респондент ценит свободу в организации времени, не придерживается строгого рабочего графика, может спонтанно отправиться в поездку. Отпуск не отличается от обычной жизни.",У меня вся жизнь отпуск.,"Легкость, независимость","Свобода, спонтанность, независимость",Отсутствие жесткой структуры рабочего времени воспринимается как преимущество и часть жизненной философии.,декларация,,,,
6,Текущий этап,Изменения в семейной динамике и одиночество,"Дети выросли, и респондент чаще путешествует один, чтобы не подстраиваться под других. Ощущает себя одиночкой, но воспринимает это как удобство.","Я больше становился все-таки одиночкой. Чтобы ни под кого не подстраиваться, не напрягать.","Спокойствие, легкая грусть","Автономия, личное пространство",Переход к индивидуализированному досугу связан с взрослением детей и изменением семейных ролей.,узел,,,,
7,Текущий этап,Потеря материальных благ из-за финансовых трудностей,"Из-за финансовых трудностей респондент был вынужден продать мотоцикл, который был важной частью его досуга и идентичности.","А сейчас его нет? Нет, я продавал. финансовые трудности начались.","Сожаление, утрата","Финансовая ответственность, адаптация",Экономические трудности приводят к пересмотру привычного образа жизни и отказу от личных удовольствий.,перелом,,,Вынужденная продажа имущества,
8,Текущий этап,Семья как главное достижение,"Респондент считает семью своим главным и единственным достижением, подчеркивает важность отношений с женой и детьми.",Для меня больше никаких достижений нет в моей жизни. То есть моя семья – это самое главное.,"Гордость, благодарность","Семья, близость, любовь","Семейные отношения занимают центральное место в системе ценностей респондента, определяя его самооценку и жизненные приоритеты.",декларация,,,,
9,Текущий этап,Кризисы и трансформация отношений с супругой,"Респондент признает, что своими действиями ухудшал отношения с женой, что привело к кризису (вплоть до мысли о разводе). Пересмотрел свое поведение, стал более сдержанным и принимающим.","Я их последние несколько лет неосознанно ухудшал, недооценивая ее заслуги и вообще моей жизни, нахождения.","Раскаяние, принятие, благодарность","Саморефлексия, принятие, уважение",Рефлексия над семейными конфликтами и личной ролью в них свидетельствует о зрелости и стремлении к гармонии.,перелом,,,,
10,Текущий этап,Распределение ролей и финансов в семье,"В условиях экономических трудностей финансовые решения в семье принимает жена, хотя раньше решения принимались совместно.","Сейчас идет стадия, скажем так, выживания.","Смирение, доверие","Партнерство, доверие, адаптация","Изменение экономических условий приводит к перераспределению ролей в семье, усиливая роль жены как финансового управляющего.",узел,,,,
11,Текущий этап,Воспитание детей и семейное образование,"Дети обучаются на семейной форме, родители поддерживают самостоятельность и ответственность, поощряют занятия спортом и поиск себя.","Самое главное, чтобы ты был счастлив по жизни максимальное количество времени.","Забота, поддержка","Самостоятельность, счастье, поддержка",Семейное образование и ориентация на счастье детей отражают современные тренды индивидуализации и гибкости в воспитании.,эпизод,Семейное образование,,,
12,Текущий этап,Отношения с родственниками жены,"Отношения с родственниками жены формальные, не оказывают существенного влияния на жизнь респондента. С тещей отношения лучше, чем с собственной матерью.","С тещей вообще у меня отношения лучше, чем с моим мамой.","Нейтральность, легкая ирония","Дистанция, уважение","Семейные связи вне ядерной семьи воспринимаются как второстепенные, что типично для современных урбанизированных семей.",эпизод,,,,
13,"Взрослая жизнь, зрелость",Изменение взглядов на партнерство,"В новых отношениях респондент отказался от следования шаблонам, старается не ломать друг друга, проявлять заботу по желанию.","Здесь мы стараемся друг друга не ломать. Если мне хочется проявить заботу, я ее проявляю. Если не хочется, я не проявляю.","Осознанность, спокойствие","Индивидуальность, свобода в отношениях",Переход от традиционных моделей семейных ролей к более гибким и индивидуализированным.,декларация,,,,
14,Текущий этап,Дружба и социальные связи,"Респондент поддерживает отношения только с теми, кто ему интересен и готов помочь в трудную минуту. Дружба строится на взаимном интересе и поддержке.","Мне поддерживать отношения с тем, с кем мне неинтересно и ничего это лично мне не дает, вообще не нужно.","Осознанность, независимость","Искренность, взаимность",Сужение круга общения до значимых и поддерживающих связей — характерная черта зрелого возраста и индивидуалистических установок.,декларация,,,,
15,"Взрослая жизнь, зрелость",История дружбы и совместные интересы,"Дружба с Димой началась еще в 90-е годы на почве деловых отношений, затем была пауза, после чего отношения возобновились после переезда. Общение строится на обмене интересными темами и опытом.",Он мне как раз про Геленджик тогда рассказал. И я нечаянно в Геленджик попал.,"Теплота, благодарность","Дружба, общие интересы, поддержка",Дружеские связи часто формируются на основе совместного опыта и поддерживаются даже после длительных перерывов.,эпизод,,,,
1,"Взрослая жизнь, профессиональный поиск",Отношения с друзьями и профессиональная идентичность,"Респондент рассказывает о конфликте с другом из-за занятия коучингом, который не был принят в его окружении. Это привело к разрыву общения и внутреннему напряжению.","Меня это очень, очень напрягало. Я говорю, Юра, ну ты же меня знаешь еще давно, здесь ты не видел. Он говорит, да я же тебя вижу. Продавец воздуха.","Раздражение, обида, напряжение","Признание, уважение к своим интересам, самостоятельность","Эпизод иллюстрирует, как профессиональные интересы могут стать причиной отчуждения в дружеских отношениях, особенно если они не соответствуют ожиданиям или ценностям окружения.",перелом,,,,True
2,Зрелая семейная жизнь,Домашние животные и семейные традиции,"В семье обсуждается возможность завести домашнего животного, но пока ограничиваются подарком кота маме. В семье трое детей, что влияет на решение о животных.","Дочери, хотим котика или собачку... мама моя про кота говорила, хочу кота себе, а то одна, что-то скучно, заняться нечем. Ну, мы ей подарили в прошлом году на день рождения кота.","Забота, легкая усталость","Семейные отношения, забота о близких, практичность","Подарок кота матери — проявление заботы о старшем поколении, а обсуждение домашних животных — индикатор семейной динамики и распределения обязанностей.",эпизод,семья,False,,
3,Зрелая семейная жизнь,"Одиночество, уединение и семейные ритуалы","Респондент рассказывает о потребности в уединении, приобретении мотоцикла для личного пространства, изменении семейных ритуалов (совместный просмотр фильмов сменился на индивидуальное времяпровождение).","Собственно, мотоцикл я приобретал для того, чтобы... одному сесть и доехать до какого-то места быстро. И это такой, наверное, не сильно публичный человек, хотя внимание мне нравится.","Спокойствие, легкая грусть, принятие","Личное пространство, независимость, семейные традиции",Переход от коллективных семейных ритуалов к индивидуализации досуга отражает изменения в структуре семьи и возрастные трансформации.,узел,,,покупка мотоцикла,
4,Средний возраст,Здоровье и отношение к возрастным изменениям,"Респондент отмечает ухудшение зрения, появление лишнего веса, морщин и седины, но относится к этому философски, не стремится активно вмешиваться.","Зрение стало падать. Лишний вес появился. Морщины, седина. Выносливость уже поменьше. Как-то меня это раньше сначала напрягало, сейчас думаю, ну а что я могу с этим сделать?","Принятие, легкая тревога","Здоровье, принятие себя, естественность","Демонстрируется типичная для среднего возраста переоценка отношения к телу и здоровью, переход от тревоги к принятию.",декларация,,,,
5,Зрелая семейная жизнь,Питание и семейные привычки,"Питание в семье организовано спонтанно, культ еды отсутствует, готовят по необходимости. Финансовые трудности влияют на привычки питания.",Культ еды у нас отсутствует. В холодильнике есть чего покушать и из чего приготовить. Но дети что-то сильно не хотят этим заморачиваться.,"Безразличие, легкая усталость","Практичность, самостоятельность детей","Семейные привычки питания отражают экономическую ситуацию и смену ролей в семье (дети и отец готовят, мать устала от готовки).",эпизод,,,отказ от ресторанов из-за финансов,
6,Зрелая семейная жизнь,Отношение к медицине и выбор медицинских практик,"Респондент предпочитает обращаться к знакомым врачам по рекомендации, доверяет народной медицине, официальную медицину использует по необходимости. В семье нет прививок у детей.","Я в медицину, у меня там есть один знакомый, он стоматолог, и он всех наших докторов в городе знает. Когда что-то случается, мы к нему...","Скепсис, прагматизм","Доверие к личным контактам, самостоятельность в выборе","Выбор между народной и официальной медициной, а также отказ от вакцинации — проявление недоверия к государственным институтам и ориентация на личный опыт.",декларация,медицина,,"частные клиники, рекомендации",
7,Зрелая семейная жизнь,Опыт взаимодействия с медициной и организационные сложности,"Респондент описывает опыт лечения себя и близких, отмечает, что основная проблема — очереди и большое количество людей в государственных учреждениях.","Поехал, записал в очередь, записался в очередь, дали анализы, поехали на операцию и все. полному народу это бездель.","Раздражение, усталость","Эффективность, минимизация стресса","Организационные сложности в медицине воспринимаются как главный барьер, а не качество самой помощи.",эпизод,государственная и частная медицина,,,
8,Средний возраст,Эмоциональное состояние и способы самопомощи,"Респондент отмечает, что в последнее время чаще испытывает подавленность и стресс, но справляется с этим через осознание ценности семьи, места проживания и простых радостей.","Помогает понимание, что я живу в самом лучшем месте на земле, что у меня самые офигительные дети и жена, что мама жива-здорова...","Благодарность, умиротворение","Семья, дом, благодарность",Позитивное мышление и фокус на семейных и бытовых ценностях выступают ресурсом для преодоления стресса.,декларация,,,,
9,Средний возраст,Отношение к психологической помощи и альтернативным практикам,"Респондент не обращается к психологам, предпочитает общение с друзьями и альтернативные практики (массаж, медитация, эзотерика) для эмоциональной поддержки.",Общение с друзьями – психологическая помощь. Прям честно.,"Скепсис, открытость к экспериментам","Доверие к близким, самостоятельность, поиск баланса",Недоверие к профессиональной психологической помощи компенсируется неформальными и альтернативными практиками.,декларация,,,"услуги массажа, эзотерика",
10,Средний возраст,Медитативные и духовные практики как способ саморегуляции,"Респондент использует медитации, повторения мантр, практики благодарности для выхода из эмоциональных провалов, особенно связанных с отношениями и финансами.","Раньше я практиковал ханапона. Благодарю тебя, спасибо. Вот этим выводил себя из эмоциональных провалов.","Поиск гармонии, саморефлексия","Саморегуляция, духовность, эмоциональное равновесие","Использование духовных и медитативных практик — характерная стратегия самопомощи для людей, не склонных обращаться к официальной психологии.",эпизод,,,,
11,Средний возраст,Изменение отношения к контролю и воспитанию детей,"Респондент отмечает, что раньше был более контролирующим родителем, теперь стал относиться к жизни проще и менее требовательно.",Если раньше у меня прям тотально был контроль... Сейчас скажу. Я бы так сказал. Спустя рукава. отношусь к жизни.,"Принятие, расслабленность","Гибкость, принятие изменений, доверие",Смещение от авторитарного стиля воспитания к более либеральному — типичная динамика для родителей подростков.,перелом,,,,
12,"Средний возраст, зрелая семейная жизнь",Финансовое положение и субъективное благополучие,"Респондент оценивает свое финансовое положение как грустное, но при этом ощущает себя счастливым благодаря семье и месту проживания.","Как-то все прям грустненько слегка... То, что я счастливый человек, что у меня большая семья и живу в лучшем месте.","Грусть, благодарность, удовлетворение","Семья, дом, счастье вне материального","Субъективное благополучие не всегда коррелирует с объективным финансовым положением, важную роль играют нематериальные ресурсы.",декларация,,,,
13,Средний возраст,Финансовые решения и спонтанные покупки,"Респондент совершал спонтанные крупные покупки (мотоцикл в кредит), не жалеет о них, хотя испытывает финансовые трудности.","Я мотоцикл так покупал и кредит на него брал. Слушай, деньги я за него не отдал, сейчас должен, и отдавать нечем. Но не жалею, что у меня был мотоцикл.","Сожаление, ностальгия, удовлетворение","Свобода, удовольствие, опыт","Спонтанные покупки — способ компенсировать эмоциональные дефициты, несмотря на финансовые ограничения.",эпизод,,,"кредит, покупка мотоцикла",
14,Средний возраст,Потребительские предпочтения и отношение к брендам,"Респондент выбирает бренды по рекомендации, особенно в технике и одежде, ценит детали и качество, но готов отказаться от брендов при необходимости.","Бренды, понимаете, в чем штука? Это как по рекомендации пойти к доктору... Хотелось бы ходить в Армане или Монзоне, но если не будет их, походим в чем-то другом.","Прагматизм, легкая ирония","Качество, рациональность, эстетика",Потребительское поведение строится на сочетании рационального выбора и стремления к статусу через бренды.,декларация,,,"маркетплейсы, бренды",
1,"Взрослая жизнь, семейный этап","Отношение к новым и поддержанным вещам, потребительские предпочтения","Респондент предпочитает новые вещи, особенно когда речь идет о технике и транспорте, но допускает возможность покупки поддержанных автомобилей и мотоциклов.","Если машина, мотоцикл, то можно и новую. Про технику тоже новое. Ну, я имею в виду телефоны, наушники, компьютеры.","Спокойствие, рациональность","Качество, надежность, практичность","Потребительские предпочтения респондента отражают типичную установку среднего класса на качество и долговечность, особенно в отношении техники и транспорта.",декларация,,,Покупка новых товаров,
2,"Взрослая жизнь, периоды финансовых трудностей",Ограничения в расходах и способы выхода из сложных ситуаций,"Респондент сталкивался с необходимостью ограничивать расходы примерно раз в 10 лет, но не раскрывает подробностей о способах выхода из таких ситуаций.","Так где-то так, да?","Сдержанность, некоторая усталость","Адаптивность, выживание","Периодические финансовые трудности воспринимаются как нечто цикличное и неизбежное, что характерно для нестабильных экономических условий.",эпизод,,,,
3,"Взрослая жизнь, профессиональное и образовательное развитие","Образование: формальное и неформальное, отношение к платному образованию","Респондент получил образование в техникуме и проходил множество онлайн-курсов. Положительно относится к платному образованию, считая его более мотивирующим и включающим.","Мне кажется, само по себе платное образование даёт включённость.","Рассудительность, интерес","Саморазвитие, эффективность, осознанность","Отношение к образованию отражает современные тренды на непрерывное обучение и повышение квалификации, а также ценность личной вовлеченности.",декларация,"Техникум, онлайн-курсы",,,
4,"Взрослая жизнь, семейные отношения",Гендерные роли в семье,"Респондент отмечает, что в его семье распределение ролей отличается от традиционного, где мужчина обеспечивает, а женщина делает карьеру.","В последнее время я понимаю, что у меня в семье оно не так.","Спокойствие, принятие","Гибкость, индивидуальный подход",Семейная модель респондента демонстрирует отход от традиционных патриархальных установок в пользу более гибких и индивидуальных решений.,декларация,,,,
5,"Взрослая жизнь, профессиональный путь","Отношение к деньгам, ценности и приоритеты","Деньги не являются для респондента главным приоритетом, важнее взаимоотношения. Заработок ассоциируется с необходимостью делать неприятные вещи.","У меня, я так понял, что на первом месте не финансы, а взаимоотношения. Меня качают по жизни взаимоотношения.","Некоторая усталость, философское отношение","Взаимоотношения, самоуважение, честность",Респондент демонстрирует ценностный сдвиг от материализма к приоритету межличностных отношений и внутренней гармонии.,декларация,,,,
6,"Взрослая жизнь, семейные финансы",Финансовое планирование и конфликты в семье,"В семье отсутствует четкое финансовое планирование, часто возникали разногласия по поводу денег, что привело к передаче контроля над финансами жене.","Нет, жена просто сказала, что теперь я буду сама этим всем заниматься и все потоки буду контролировать я.","Смирение, легкая ирония","Доверие, делегирование, семейная гармония",Передача финансового контроля жене отражает современные тенденции перераспределения ролей в семье и поиск баланса.,узел,,,,
7,"Взрослая жизнь, профессиональные амбиции",Финансовые цели и предпринимательские проекты,"Ранее респондент мечтал о создании психологического центра, запускал различные проекты, но быстро терял к ним интерес. Предпочитает запускать стартапы, а не заниматься их развитием.","Я могу запустить, мне это нравится. Потом, чтобы кто-то дальше этим занимался без меня. Дальше мне это не интересно.","Самоирония, легкая усталость","Творчество, свобода, новизна","Респондент типичен для креативного класса, склонного к проектной деятельности и быстрому выгоранию при рутинной работе.",декларация,,,,
8,"Взрослая жизнь, поиск себя",Идеальная работа и отношение к труду,"Респондент мечтает о работе, которая приносила бы удовольствие и достойный доход, без необходимости 'наступать себе на горло'.","Что-то хочется такого, чтобы не предавая себя, наступая на горло, ты шёл изнурительным трудом, превозмогая...","Фрустрация, мечтательность","Самореализация, удовольствие от труда, справедливость",Запрос на самореализацию и достойную оплату труда отражает современные ценности постиндустриального общества.,декларация,,,,
9,"Взрослая жизнь, опыт преодоления трудностей",Преодоление и внутренние ресурсы,"Респондент считает, что настоящая деятельность не требует преодоления, если она по-настоящему твоя. Приводит примеры из жизни (велосипед, мотоцикл, костер).",Преодолевать ничего не надо. Это как мальчишке пойти костер разжечь.,"Уверенность, спокойствие","Аутентичность, естественность, внутренняя мотивация","Идея о 'своем деле' как источнике энергии и смысла характерна для людей, ориентированных на внутреннюю мотивацию.",декларация,,,,
10,"Взрослая жизнь, жилищный вопрос",Жилищные условия,"Семья респондента живет на съемном жилье, собственной недвижимости нет.","Мы живем с женой, ну, с семьей на съемном. Мама свою.","Спокойствие, принятие","Адаптивность, независимость",Отсутствие собственной недвижимости типично для нестабильных экономических условий и отражает мобильность респондента.,декларация,,False,,
11,"Взрослая жизнь, финансовое положение",Доходы и расходы семьи,"Семья тратит более 300 тысяч рублей в месяц, ранее доходы были сопоставимы, но после изменений в бизнесе снизились.",мы месяц сейчас тратим больше 300 тысяч рублей... У нас до прошлого года около того где-то так и получалось. А потом стали налаживать отдел продаж и все порушилось.,"Некоторая растерянность, принятие","Стабильность, достаток",Высокий уровень расходов и нестабильность доходов характерны для предпринимательских семей.,эпизод,,,,
12,"Взрослая жизнь, взаимодействие с государством",Опыт взаимодействия с государственными органами,"Респондент редко сталкивается с государственными органами, отмечает их незаметное, но эффективное присутствие.","Ну, я знаю, что они присутствуют, эти органы. Я знаю, что они кому-то в чем-то помогают. Но в моей жизни как-то так их наличие особо не ощущается.","Безразличие, спокойствие","Автономия, безопасность","Дистанцированное отношение к государству типично для людей, не зависящих от социальных льгот и не имеющих острых проблем с бюрократией.",декларация,Государственные органы,,,
13,"Взрослая жизнь, военный опыт",Отношение к армии и военной службе,"Респондент считает, что армия необходима для мальчиков, чтобы понимать структуру и уметь взаимодействовать с ней. Сам к армии относится нейтрально.","Мальчишке необходимо как спортом заниматься, так и армией, я считаю, необходимо.","Спокойствие, рациональность","Дисциплина, структурированность",Отношение к армии как к обязательному этапу социализации характерно для традиционных взглядов.,декларация,Армия,,,
14,"Взрослая жизнь, опыт взаимодействия с налоговой",Опыт обращения в налоговые органы,"Респондент отмечает положительные изменения в работе налоговой службы, стал проще и человечнее процесс взаимодействия.","Очень стало все для людей, по-людски.","Удовлетворение, удивление","Справедливость, человечность",Позитивная оценка реформ в госорганах отражает тенденцию к улучшению сервисов в России.,эпизод,Налоговая служба,,,
15,"Взрослая жизнь, социальная поддержка",Опыт получения социальных льгот,"Семья респондента имеет неиспользованный материнский капитал, ребенок ездил в лагерь как многодетный.",Интересный капитал лежит у нас неиспользованный.,"Безразличие, легкая ирония","Практичность, забота о детях",Неиспользование социальных льгот может говорить о достаточном уровне дохода или низкой информированности.,эпизод,Социальная поддержка,,,
16,"Взрослая жизнь, бытовые истории",Взаимодействие с представителями власти на бытовом уровне,"Респондент рассказывает историю о том, как чиновник на набережной следил за порядком, что вызвало сначала недоумение, а потом понимание необходимости порядка.","Говорит, сейчас глава города, если ее увидит у вас в руках, он мне бушку снесет. Я, говорит, отвечаю за порядок и за то, чтобы у нас здесь ни веток, ни мусора не было.","Понимание, принятие","Порядок, ответственность",История иллюстрирует восприятие власти как заботящейся о порядке и безопасности на локальном уровне.,эпизод,,,,
17,"Взрослая жизнь, социальные взгляды",Оценка роли государства и социальной защиты,"Респондент считает, что государство обеспечивает базовую защиту и инфраструктуру, отмечает наличие пенсий, социальных выплат, хороших дорог и освещения.",Присутствие государства в полном объеме. И безопасно у нас. И дороги у нас в офигительном состоянии.,"Удовлетворение, благодарность","Безопасность, стабильность, социальная справедливость","Позитивная оценка государства характерна для людей, ощущающих его поддержку и безопасность.",декларация,,,,
18,"Взрослая жизнь, идентичность",Отношение к стране и эмиграции,"Респондент не хочет жить в другой стране, несмотря на опыт путешествий, ощущает себя дома в России.","Я в другом жить-то не хочу государстве, понимаете?... Я тут у себя дома.","Патриотизм, уверенность","Принадлежность, стабильность, дом","Сильная национальная идентичность и привязанность к родине характерны для людей, имеющих устойчивое положение и социальные связи.",декларация,,,,
19,"Взрослая жизнь, политические взгляды",Восприятие власти и политической системы,"Респондент воспринимает власть как сложную систему, где решения принимаются на федеральном уровне и реализуются на местах.","Власть думает законособрание, когда СССР, президент, Дума, все они там продумывают некий курс, ну и дальше все по регионам разбрасывается...","Рациональность, спокойствие","Порядок, структурированность","Восприятие власти как иерархической системы характерно для людей, ориентированных на стабильность и предсказуемость.",декларация,,,,
1,"Зрелость, жизнь в регионе (Геленджик)",Инфраструктурные изменения и качество жизни,"Респондент рассказывает о строительстве объездной дороги и проблемах с водой в Геленджике, отмечая улучшения после реализации инфраструктурных проектов.","Построили у нас теперь двухрядные дороги туда, двухрядные обратно. И что зимой, что летом, то теперь 10 минут можно добираться в нужное место.","Умеренно позитивный, прагматичный","Комфорт, практичность, улучшение условий жизни","Респондент оценивает изменения через призму повседневного опыта, связывает качество жизни с инфраструктурными проектами, отмечает зависимость региона от федеральных решений и ресурсов.",эпизод,местные и федеральные органы власти,False,False,
2,Зрелость,Отношение к политике и государственным институтам,"Респондент дистанцируется от политики, не обсуждает её с друзьями, считает, что ключевые решения принимают немногие, а остальные — для массовки.",Я к ним не отношусь. Обсуждайте понятия не имею чего они там делают и кто в каких чего объемах.,"Безразличие, скепсис","Автономия, недоверие к власти, прагматизм",Демонстрирует типичную для части российского общества политическую апатию и ощущение отчуждённости от принятия решений.,декларация,федеральные органы власти,False,False,
3,Зрелость,Восприятие оппозиции и политической системы,"Оппозицию респондент воспринимает как неэффективную и формальную, сравнивает с бытовым конфликтом, который быстро гасится властью.","Вот вам и оппозиция. Видите, так я и про это и думаю.","Ирония, разочарование","Скепсис, реализм",Видна недоверчивость к возможностям оппозиции и убеждённость в контроле со стороны власти.,декларация,местные органы власти (участковый),False,False,
4,Зрелость,Медиа-потребление и отношение к СМИ,"Респондент получает новости из телеграм-каналов и соцсетей, считает, что СМИ подают информацию так, как удобно власти.",СМИ обожаются как удобно. Законодательным органам.,"Скепсис, недоверие","Критичность, самостоятельность в выборе источников",Показательна тенденция к переходу на альтернативные источники информации и недоверие к официальным СМИ.,декларация,"СМИ, телеграм-каналы",False,False,
5,Зрелость,Внешняя политика и место России в мире,"Респондент затрудняется оценить внешнюю политику, отмечает переменчивость союзников и отсутствие чётких целей у страны в последние десятилетия.","Если задача не стоит, то ничего не происходит в этом направлении.","Ностальгия, разочарование","Прагматизм, историческая память",Видна усталость от перемен и отсутствие веры в стратегические цели государства.,декларация,"государство, внешнеполитические институты",False,False,
6,Зрелость,Бюрократия и коррупция,"Личного опыта столкновения с коррупцией нет, но респондент воспринимает бюрократию как театр и показуху.","Вижу прям какой-то театр, честно. Показушность.","Ирония, отстранённость","Справедливость, честность",Распространённое среди россиян ощущение формальности и неэффективности бюрократических процедур.,декларация,бюрократические органы,False,False,
7,Зрелость,Государственные монополии и социальная сфера,"Респондент считает, что монополии формально государственные, но управляются частниками; государство должно отвечать за образование, медицину, пенсии.","Оно, может, было бы и лучше, если бы эти монополии были действительно государственные.","Скепсис, рациональность","Социальная справедливость, ответственность государства",Отражает запрос на социальное государство и недоверие к приватизации ключевых сфер.,декларация,государственные и частные компании,False,False,
8,"Зрелость, период СВО",Влияние СВО на окружение и отношение к мобилизации,"Некоторых знакомых затронула мобилизация, респондент считает ситуацию несправедливой и трагичной.","Люди мобилизовали, когда все это началось, и они как там заложники. Сидят уже три года и без вариантов.","Сочувствие, возмущение, грусть","Справедливость, гуманизм",Ярко выражено ощущение несправедливости и критика избирательности мобилизации.,эпизод/декларация,"армия, государство",False,False,
9,Зрелость,Отношение к законотворчеству и предпринимательству,"Респондент отмечает разницу в мышлении предпринимателей и наёмных работников, считает, что законы должны обсуждаться с теми, кого они затрагивают.","Вот я про то, чтобы эти все законы и прочее хоть как-то обсуждались с теми, кого эти законы коснутся.","Раздражение, требование справедливости","Участие, справедливость, уважение к опыту","Запрос на инклюзивность в принятии решений, критика оторванности власти от реальных потребностей.",декларация/узел,законодательные органы,,True,
10,Зрелость,Использование цифровых технологий и отношение к ним,"Респондент активно использует интернет, соцсети, мобильные приложения, но не считает себя продвинутым пользователем. Отмечает зависимость от технологий в повседневной жизни.","Телевизор, говорю, в обычном его понимании уже не смотрим. Используем его как проектор потокового телевидения...","Прагматизм, умеренное удовлетворение","Удобство, технологичность","Переход к цифровому потреблению информации и услуг, интеграция технологий в быт.",эпизод,цифровые платформы,,True,
11,Зрелость,Социальные сети и информационное поведение,"Респондент использует ВКонтакте, Телеграм, Инстаграм для новостей и бизнеса, подписан на публичных личностей, фильтрует контент.","В соцсетях какие-нибудь фоточки или по поводу бизнеса. Делаем это, приходите.","Прагматизм, умеренный интерес","Информированность, профессионализм","Соцсети — инструмент для работы и получения информации, а не для личного общения.",эпизод,социальные сети,,True,
12,Зрелость,Влияние технологий на общение и отношения,"Респондент считает, что технологии отдаляют людей, приводит примеры изменения поведения в кафе и дома.","Сейчас ты приходишь в кафе, сидят три человека за столом. Каждый сидит в своем телефоне.","Ностальгия, сожаление","Человеческое общение, близость","Классический мотив цифрового отчуждения, критика современных коммуникаций.",декларация,цифровые технологии,,False,
13,Зрелость,Опасения по поводу искусственного интеллекта и цифрового контроля,"Респондент опасается тотального контроля и потери приватности из-за технологий, приводит примеры с биометрией и возможностями ИИ.","Мы сами за большие деньги отдали все свои отпечатки пальцев, да? ... То есть заплатил 100 штук и еще и пальцы свои отставил. С радостью.","Тревога, ирония","Безопасность, приватность",Отражает распространённые страхи перед цифровым контролем и потерей автономии.,декларация/узел,"цифровые платформы, государство",,False,
14,"Зрелость, последний год",Личные перемены и ощущения за последний год,"Респондент отмечает ухудшение финансового положения, усталость, потерю интереса к жизни, пробует новые сферы деятельности, но без особого успеха.","Год от года кредитное обременение почему-то все тяжелее и тяжелее происходит. Понимаю, что старею.","Усталость, апатия, легкая грусть","Стабильность, самореализация","Типичная для зрелого возраста рефлексия о старении, финансовых трудностях и поиске новых смыслов.",эпизод/перелом,"рынок труда, кредитные организации",,True,
1,"Зрелость, средний возраст",Ответственность за здоровье и самоуправление,"Респондент осознает, что несмотря на наличие государственных программ поддержки, ответственность за здоровье и качество жизни лежит на нем самом. С возрастом пришло понимание необходимости прилагать усилия для поддержания здоровья.","твоя жизнь в твоих руках, твое здоровье тоже. Если ты будешь на него обращать внимание и заниматься, оно будет у тебя в должном состоянии. Если нет, то ни хрена, никто тебе его не принесет.","Осознанность, легкая тревога","Самостоятельность, ответственность, здоровье","Респондент демонстрирует индивидуалистский подход к жизни, характерный для зрелого возраста, когда человек осознает ограниченность внешней поддержки и необходимость личных усилий.",декларация,,,,
2,"Зрелость, рефлексия над прошлым и настоящим",Планы и разочарование в стандартных целях,"Респондент рассказывает о своем опыте постановки целей и разочаровании в них. Отмечает, что многие желания были навязаны обществом и не соответствовали его истинным потребностям. В итоге оставил только те, что действительно важны.","Смотрю, бред написан какой-то сумасшедшего. Ну, как мальчишка, не знаю, в пятом классе или в десятом себе пишет. Они такие общепринятые, они по статусу вроде бы должны быть и радовать, но по факту мне они не нужны.","Разочарование, ирония, принятие","Аутентичность, честность с собой","Проявляется критическое отношение к социальным стандартам успеха и переосмысление личных целей, что типично для зрелого возраста и этапа жизненной рефлексии.",перелом,,,,
3,"Зрелость, текущий этап жизни",Истинные желания и мечты,"Респондент делится своими настоящими желаниями: путешествия, транспорт, недвижимость, проекты, покупки для детей. Отмечает, что интерес и вдохновение — главные движущие силы.","Мотоцикл. Можно машину. Не все-таки важно какая. Просто чтобы в грязь и дождь и снег куда-то можно было поехать... Попутешествовать, в общем. Вот такие интересные для меня темы сейчас остались.","Воодушевление, легкая мечтательность","Свобода, интерес, забота о семье","Респондент уходит от стандартных материальных целей к более личностным и эмоциональным, что отражает зрелую стадию самоопределения.",эпизод,,,"Планирует инвестиции в недвижимость, рассматривает проекты, аренду, сдачу",
4,"Зрелость, рефлексия",Влияние внешних обстоятельств и внутренней мотивации,"Респондент размышляет о том, что его будущее определяется не столько внешними обстоятельствами, сколько внутренним интересом и мотивацией. Интерес — главная движущая сила.",И самая движущая сила у человека – это хотелка под названием интерес. Вот этот интерес бы хотелось с Нептегой. До конца своих дней.,"Осознанность, философская настроенность","Интерес, самопознание, независимость","Проявляется установка на внутренний локус контроля, характерная для зрелых, рефлексирующих личностей.",декларация,,,,
5,"Зрелость, родительство",Будущее детей и родительская позиция,"Респондент с оптимизмом и осторожностью смотрит в будущее, отмечая, что дети вырастут и будут учиться на собственных ошибках. Родительская забота не может полностью оградить от жизненных трудностей.","С оптимизмом, конечно, дети растут, скоро разбегутся, каждый будет своим чем-то интересным заниматься... Сколько бы мы их тут не оберегали, все равно нужно обжечься, чтобы понять, что такое горячо.","Оптимизм, забота, принятие","Семья, самостоятельность детей, опыт","Респондент демонстрирует зрелую родительскую позицию, признавая автономию детей и неизбежность их самостоятельного опыта.",декларация,,,,
6,"Зрелость, рефлексия",Ценности и жизненные принципы,"Респондент подчеркивает важность семьи, взаимоотношений, финансовой стабильности, но отмечает, что деньги могут развивать 'звездную болезнь'. Важны также помощь другим и интересное общение.","семья важна для меня, взаимоотношения тоже важны. Было бы денег побольше, было бы, конечно, получше. Но иногда, исходя из моего предыдущего опыта, деньги развивают звездную болезнь.","Спокойствие, мудрость","Семья, отношения, умеренность, помощь другим, интерес","Респондент демонстрирует зрелое отношение к материальным и нематериальным ценностям, балансируя между личным и общественным.",декларация,,,,
7,"Зрелость, рефлексия",Смысл жизни и след после себя,"Респондент отмечает, что раньше смысл жизни виделся в том, чтобы оставить след и сделать мир лучше. Сейчас этот смысл размывается, но остается стремление к положительному вкладу.","Человек должен оставить после себя след, сделать этот мир чуть лучше, чем он был.","Легкая грусть, философская рефлексия","Польза обществу, вклад, развитие",Проявляется переход от активного поиска смысла к более спокойному принятию жизни и ее конечности.,декларация,,,,
8,"Зрелость, рефлексия",Отношение к прошлому и принятию себя,"Респондент говорит о принятии своих прошлых решений, даже если они привели к нежелательным результатам. Считает, что именно опыт ошибок формирует личность.","Благодаря этому выбору я сейчас такой, какой я есть. То есть вот эти хождения по камушкам, по репейнику, по песочку и по асфальту как раз и дают мне понимание, что такое песочек, что такое камушек, что такое репейник и что такое стеклышки.","Принятие, благодарность, спокойствие","Принятие себя, опыт, развитие","Типичная для зрелого возраста рефлексия, принятие прошлого как части себя и источника мудрости.",декларация,,,,
9,"Зрелость, саморефлексия",Лень и мотивация,"Респондент признает, что хотел бы избавиться от лени, но отмечает, что активность появляется только при наличии интереса.","может быть лень убрать больше результатов и достижений А есть приходит из-за того, что либо интересно, либо не интересно.","Самокритика, принятие","Саморазвитие, интерес","Респондент связывает личную эффективность с внутренней мотивацией, а не с внешним принуждением.",декларация,,,,
10,"Зрелость, саморефлексия",Страхи и отношение к смерти,"Респондент делится страхами, связанными с замкнутыми пространствами и смертью. Отмечает, что с возрастом тема смерти становится ближе из-за ухода знакомых.","У меня есть страх залезть в какую-нибудь трупу и там помереть... Сейчас ты так увидишь, что жизненный цикл.","Страх, тревога, безысходность","Осознанность, принятие конечности жизни","Проявляется экзистенциальная тревога, характерная для зрелого возраста, когда тема смерти становится более актуальной.",декларация,,,,
11,"Зрелость, саморефлексия",Взгляд на себя после интервью,"Респондент отмечает, что интервью позволило взглянуть на себя с новой стороны, увидеть свои достижения и значимость.","Обычный, никчемный человек. А здесь я думаю, ох ты, я какой-то могу ведь, а?","Удивление, легкая гордость","Самоценность, рефлексия",Интервью становится инструментом самопознания и повышения самооценки.,эпизод,,,,
12,"Зрелость, итоговая рефлексия",Переосмысление жизненного пути,"Респондент благодарит за возможность пересмотреть свою жизнь, принять ее как собственный выбор и результат личных усилий.","И заново примем, что это все мое, созданное мною, пройденное мною, выбранное мною.","Благодарность, принятие","Принятие себя, ответственность",Рефлексия над жизненным путем способствует интеграции опыта и укреплению чувства идентичности.,узел,,,,
013,"Зрелость, итоговая рефлексия",Польза интервью и подведение итогов,"Респондент считает, что подобные интервью полезны для каждого, чтобы пересмотреть свои ценности, ошибки и двигаться дальше.","Мне кажется, вот такие сессии надо проводить перед Новым годом каждому человеку в стране.","Воодушевление, благодарность","Рефлексия, развитие, самоанализ",Респондент видит в интервью инструмент личностного роста и общественной пользы.,декларация,Интервью как социальная практика,,,
