id,life_stage,theme,summary,quote,emotion,values,sociological_note,type,institution,housing_promised,market_participation,collapse_context
1,Раннее детство (0-7 лет),"Семья, переезд и адаптация","Респондент родился в Армении, в возрасте одного года переехал с семьей в Москву. Вспоминает раннее детство как счастливое, полное любви и заботы, с хорошими отношениями с родителями и родственниками.","Я здесь вырос и живу, да, то есть живу с семьей. Родители, младший брат, старший сын, там все вместе.","Тепло, спокойствие, удовлетворение","Семья, безопасность, забота","Переезд в раннем возрасте и успешная адаптация в новой среде формируют у респондента чувство принадлежности к семье и стабильности, несмотря на смену страны и культурного контекста.",эпизод,"семья, детский сад",1.0,,
2,Детство (7-11 лет),"Появление брата, внутрисемейные конфликты и первые тревоги","Семейная динамика изменилась после рождения младшего брата, что совпало с усилением внутрисемейных конфликтов и переездом. Это стало триггером для появления тревожности и закрытости у респондента.","В возрасте 7 лет у меня родился брат родной... Внутрисемейные конфликты участились... И начиная с 7 лет у меня как-то тревожные состояния участились из-за того, что дома проблемы были.","Тревога, неуверенность, замкнутость","Признание, стабильность, любовь","Появление нового члена семьи и конфликты между взрослыми часто становятся источником стресса для детей, что может приводить к формированию тревожных черт и снижению доверия к близким.",перелом,семья,0.0,,
3,Младший школьный возраст (7-11 лет),"Школа, успехи и первые трудности социализации","Респондент хорошо учился, был способным учеником, но испытывал трудности в отношениях со сверстниками из-за внешности и отсутствия признания. Начались проблемы с самооценкой и первые проявления буллинга.","Я был толстенький, не мог защищаться... очень сильно отпечаток на мне оставило.","Обида, неуверенность, одиночество","Признание, дружба, саморазвитие",Проблемы социализации и буллинг в младшем школьном возрасте могут стать основой для формирования устойчивых комплексов и поиска признания во внешней среде.,узел,школа,,False,
4,Подростковый возраст (12-17 лет),"Психологические трудности, буллинг, уход в увлечения и спорт","В подростковом возрасте усилились депрессивные состояния, респондент ушёл в себя, начал активно заниматься спортом и единоборствами, чтобы научиться защищаться. Проявились девиантные формы поведения, агрессия, конфликты с законом.","Я на 17 кг похудел за 9 месяцев... первые драки начались, приводы в полицию... Началось формироваться, как говорят, девиантное поведение.","Агрессия, протест, внутренний конфликт","Самозащита, независимость, сила",Реакция на длительный буллинг и отсутствие поддержки в семье часто приводит к формированию девиантного поведения и поиску признания через силу и агрессию.,перелом,"школа, полиция",,False,
5,Старшие классы школы (16-18 лет),"Потеря интереса к учебе, первые обращения за психологической помощью","Респондент перестал интересоваться учебой, не строил планов на будущее, впервые обратился к психологу по телефону доверия, осознал наличие семейных проблем, но не смог их решить.","Я даже в 10-м классе к психологу обращался по телефону. Я звонил несколько месяцев каждую неделю, и мы обсуждали проблемы.","Растерянность, безысходность, поиск поддержки","Понимание, помощь, саморефлексия",Обращение к психологу в подростковом возрасте свидетельствует о высоком уровне саморефлексии и попытке самостоятельно справиться с внутренними конфликтами.,узел,"школа, телефон доверия",,False,
6,Переход к взрослой жизни (18-21 год),"Проблемы с наркотиками, криминал, реабилитация","После школы респондент столкнулся с тяжелой наркотической зависимостью, проблемами с полицией, социальной изоляцией. В конце концов обратился за помощью к семье, прошёл реабилитацию, начал посещать психолога и группы поддержки.","У меня были очень сильные проблемы, прям зависимость тяжелая уже сформировалась... Под конец 2020 года я обратился в помощь к семье... Потом я уже на реабилитацию уехал, в рехап.","Отчаяние, страх, надежда на перемены","Здоровье, поддержка, честность",Путь через зависимость и реабилитацию — типичный для молодежи из семей с внутренними конфликтами и недостатком поддержки. Важную роль играет обращение к семье и профессиональной помощи.,перелом,"реабилитационный центр, семья, полиция",,False,
7,"Молодость (21-24 года, настоящее время)","Восстановление, поиск себя, образование и работа","После реабилитации респондент восстановился в институте, сменил учебное заведение, начал работать, пробовал себя в бизнесе и продажах, продолжает искать себя и строить отношения с семьей и окружающими.","Сейчас продолжаю пробовать работу, меняю. Много чего на учебе пробовал, еще себя. Вот, и, ну, как бы вот сейчас вот в таком режиме, сейчас вот так же продолжаю искать себя, знакомиться с собой.","Неуверенность, надежда, усталость","Саморазвитие, независимость, принятие","Период поиска себя и профессиональной идентичности характерен для молодых людей, прошедших через кризисы. Важна поддержка семьи и возможность экспериментировать с разными ролями.",эпизод,"институт, рынок труда",,True,
8,Раннее детство (0-7 лет),"Любознательность, увлечения и мечты","В раннем детстве респондент был очень любознательным, увлекался природой, энциклопедиями, разводил пауков, любил быть наедине с собой и исследовать мир.","Я был любознательный ребенок, я увлекался до 7 лет природой, натуралистикой всякой. Читал книги про насекомых, про деревья, у меня куча энциклопедий было, я их все перечитал.","Интерес, радость, спокойствие","Исследование, познание, индивидуальность",Ранние увлечения и склонность к самостоятельному исследованию мира формируют у ребенка базу для дальнейшего саморазвития и поиска себя.,эпизод,"семья, детский сад",,False,
9,Школьные годы (7-17 лет),Отношения с учителями и учебная мотивация,"До 6-7 класса респондент был положительно воспринят учителями, но с началом девиантного поведения доверие снизилось. Учился на базовом уровне, без особого интереса к предметам.","До шестого класса, до седьмого очень положительно. Всех хорошо обманывали. Когда уже началось это поведение уличное... нам не доверяли.","Безразличие, легкая ирония, отчуждение","Уважение, независимость, честность",Снижение учебной мотивации и ухудшение отношений с учителями часто сопровождают подростковый кризис и поиск собственной идентичности.,узел,школа,,False,
10,Поступление в вуз (18 лет),Выбор образования под давлением семьи,"Поступление в вуз было неосознанным выбором, сделанным под давлением родителей и по примеру одноклассников. Отсутствие ответственности и самостоятельности в принятии решений.",Абсолютно не хотел. Я не хотел учиться. Это было под давлением родителей сделано.,"Безразличие, пассивность, внутренний протест","Семья, конформизм, избегание ответственности","Выбор образования по инерции и под давлением семьи — распространенная стратегия среди молодежи, не имеющей четких жизненных ориентиров.",декларация,вуз,,False,
1,Поступление в вуз и первые попытки профессионального самоопределения,Поиск подходящей образовательной траектории,"Респондент начал обучение на химико-технолога, но понял, что это не его направление. Затем сменил специальность на менеджмент, однако разочаровался в качестве образования и решил сосредоточиться на практическом опыте, параллельно оставаясь формально студентом.","Я понял, что я не буду тратить три года просто за партой учиться непонятно чему. И я с родителями пообщался, я сказал, что я пошел работать.","Разочарование, осознанность, решимость","Практичность, самостоятельность, ответственность","Респондент демонстрирует критическое отношение к формальному образованию и стремление к самостоятельному принятию решений, что характерно для современных молодых людей, ориентированных на практические навыки.",перелом,вуз (институт),,начало трудовой деятельности параллельно с учебой,
2,Начало трудовой деятельности,"Первые шаги в профессии, опыт работы в продажах","Респондент начал работать в сфере продаж, проходил стажировки, менял места работы каждые три месяца, осознал несоответствие своей личности требованиям профессии.","У меня тип личности вообще не про продажи. Я могу один раз пообщаться с человеком, донести до него мысль, продать ее, но если системно каждый день с людьми общаться регулярно, у меня не хватит сил.","Фрустрация, саморефлексия","Самопознание, честность с собой, развитие навыков","Опыт частой смены рабочих мест и осознание личностных ограничений типичны для молодых специалистов, ищущих свое место на рынке труда.",эпизод,,,"работа в продажах, стажировки",
3,Профессиональное становление,Развитие коммуникативных навыков и опыт конфликтов,"Респондент отмечает развитие коммуникативных навыков, отсутствие серьезных конфликтов с коллегами, но наличие сложностей в общении с клиентами.","Я достаточно такой в плане профессиональном. Сейчас, по крайней мере, я спокойный.","Спокойствие, уверенность","Профессионализм, самообладание",Навыки коммуникации и умение избегать конфликтов с коллегами важны для успешной адаптации на рынке труда.,декларация,,,,
4,"Молодость, первые отношения",Опыт личных отношений,"Респондент рассказывает о первых отношениях с девушкой, которые длились полгода, а также о недавних попытках завести новые отношения.",Я ей предложил отношения. Мы где-то полгодика встречались.,"Ностальгия, легкая грусть","Искренность, открытость к чувствам",Опыт первых отношений и их завершения — важный этап взросления и формирования эмоциональной зрелости.,эпизод,,,,
5,Рефлексия над детством и семейным влиянием,Влияние семьи и социальных установок на личность,"Респондент анализирует влияние семейных ценностей, травм и социальных стереотипов на свое самоощущение, отмечает травму отвержения и перфекционизм.","Самое сильное влияние оказалось семейное. Вот семейная система убеждений, ценностей, травм какие-то.","Грусть, саморефлексия, принятие","Рефлексия, стремление к самопониманию","Рассказ иллюстрирует, как семейные и социальные установки формируют самооценку и поведение, а также важность психологической работы для преодоления внутренних барьеров.",узел,,,,
6,Детство и подростковый возраст,Опыт буллинга и социальной изоляции,"Респондент вспоминает, как в детстве был изолирован из-за своей любознательности и отличия от других, что повлияло на его самооценку.","Грубым словом таких называют задроты. И во всех фильмах, во всех сериалах, Таких задротов над ними издеваются, все девочки их обходят стороной, и общество обходит стороной.","Обида, одиночество","Самоценность, стремление к принятию",Буллинг и социальная изоляция в детстве могут иметь долгосрочные последствия для формирования личности и самооценки.,эпизод,,,,
7,Детство,Переезд и утрата чувства стабильности,"В 7 лет респондент пережил переезд, который стал для него стрессом и привел к потере воспоминаний о том периоде.","Вот смотрите, в 7 лет это единственный период жизни и переезд в другой дом, который у меня выпал из памяти вообще.","Тревога, растерянность","Потребность в стабильности, безопасность","Переезд в детстве может быть травматичным событием, особенно при отсутствии поддержки и внутренней опоры.",эпизод,,0.0,,
8,Детство и подростковый возраст,Отсутствие внутренней опоры и зависимость от внешних обстоятельств,"До 13 лет респондент не имел внутренней опоры, его состояние полностью зависело от внешней среды. Позже пытался черпать силы из мечты стать спортсменом, но это оказалось ложной опорой.","До 13 лет у меня ее не было, внутренней опоры вообще никакой. Я зависел от внешней среды.","Уязвимость, разочарование","Поиск смысла, стремление к самостоятельности","Отсутствие внутренней опоры характерно для детей, выросших в условиях эмоциональной нестабильности и недостатка поддержки.",узел,,,,
9,Подростковый возраст,Первые попытки саморефлексии и обращение к психологу,"В 10 классе респондент впервые обратился к психологу и смог посмотреть на себя со стороны, до этого уходил в иллюзии при стрессе.","Я вот как только обратился к психологу, первый раз по телефону, я впервые на себя со стороны посмотрел.","Озарение, тревога","Самоанализ, стремление к изменениям",Обращение к психологу становится важным этапом в формировании зрелой личности и навыков саморефлексии.,перелом,,,,
10,Подростковый возраст,Ложь как способ эмоционального выживания,"Респондент рассказывает, что часто лгал семье, чтобы избежать негативных последствий и сохранить эмоциональное равновесие.","Я, по сути, привык лгать, чтобы эмоционально выжить. Не физически, а эмоционально.","Вина, оправданность","Самосохранение, адаптация","Ложь как защитная стратегия часто встречается у подростков, испытывающих давление и непонимание в семье.",эпизод,,,,
11,Подростковый возраст,Самостоятельное принятие решений вопреки родителям,"В восьмом классе респондент тайно перевелся в другой класс, чтобы учиться тому, что ему интересно, и поставил родителей перед фактом.","Я тайком выучил, у меня друг был в биологическом классе, самый близкий был, и я выучил тайком биологию с химией от родителей. Пошел, сдал экзамены внутри школы. И просто потом пришел, и маму перед фактом поставил.","Решимость, тревога","Самостоятельность, стремление к самореализации",Подобные поступки свидетельствуют о формировании автономии и способности отстаивать свои интересы.,эпизод,,,,
12,Детство,Первые суицидальные мысли и отсутствие поддержки,"С 7 лет у респондента возникали суицидальные мысли, о которых он сообщал матери, но не получал отклика и поддержки.","Я помню, я лежу на кровати, и я тогда сказал родителям, маме. Я говорю, мама, мне иногда умереть хочется. Она во внимание не приняла, говорит, что ты туда чушь говоришь.","Одиночество, отчаяние","Потребность в принятии, поддержке",Игнорирование детских переживаний и отсутствие эмоциональной поддержки могут привести к формированию деструктивных стратегий совладания.,узел,,,,
13,Настоящее время,Распорядок дня и повседневные практики,"Респондент описывает свой обычный день: утренняя гимнастика, завтрак, прогулки, чтение, работа, посещение терапевтических групп, медитация, общение с друзьями и семьей.","Я хожу на группы терапию для зависимых, я пишу какие-то задания, да, специально. Вот, в какие-то дни, я там 3-4 раза в неделю посещаю там собрания для зависимых.","Стабильность, стремление к порядку","Здоровье, самодисциплина, поддержка",Структурирование дня и регулярные практики самопомощи важны для поддержания психологического благополучия.,декларация,,,,
14,Настоящее время,Отношения с семьей и друзьями,"Респондент наладил доверительные отношения с родителями, но предпочитает не делиться с ними внутренними переживаниями, а обсуждает их с психологом и друзьями.","С родителями все хорошо. Наладили контакт, доверительно, ну, как сказать, доверительно, то есть мы доверяем друг другу, но вот какие-то моменты там, внутренние переживания, я все-таки понял, что их лучше не рассказывать.","Умеренное удовлетворение, осторожность","Доверие, эмоциональная безопасность","Разделение сфер общения (семья — бытовое, друзья и специалисты — эмоциональное) характерно для современных молодых людей.",декларация,,,,
15,Детство,Домашние питомцы,"В детстве у респондента были домашние питомцы — пауки, которых он ценил за спокойствие и неприхотливость.","Они самые вообще спокойные, они ничего не портят, не пасут, никак не... не звучат и там корма на 50 рублей в месяц.","Улыбка, спокойствие","Практичность, любовь к животным",Выбор необычных домашних животных может говорить о стремлении к индивидуальности и потребности в спокойствии.,эпизод,,,,
1,"Выздоровление после зависимости (молодость, ранняя зрелость)",Проблемы со сном и энергией,"Респондент отмечает хронические проблемы со сном и низким уровнем энергии, которые начались после прекращения употребления веществ. Он связывает это с наследственностью и считает, что ему нужно беречь силы.","Я не высыпаюсь, да, я не высыпаюсь. И у меня это очень большая проблема. Вот еще в классе, когда я начал выздоравливать. проблемы со сном после прекращения всех этих веществ и всегда ощущение низкого уровня энергии.","усталость, фрустрация","здоровье, самосохранение, осознанность","Проблемы со сном и энергией часто сопровождают людей, проходящих через реабилитацию после зависимостей. Осознание необходимости беречь силы и управлять ресурсами — характерная черта для людей, столкнувшихся с хронической усталостью.",узел,,,,True
2,"Ранняя зрелость, профессиональный поиск",Опыт работы и отношение к трудовым условиям,"Респондент работал в разных компаниях, в том числе у друга в малом бизнесе, где условия были тяжелыми. Испытывал перегрузки, конфликты с начальством, низкую зарплату. В итоге уволился, не найдя удовлетворения.","Там условия были, откровенно говоря, ужасные. Большая перегрузка на работе, регулярные проблемы с начальником... И потом я понял, что мне не нравится, я уволился.","разочарование, усталость","самоуважение, поиск справедливых условий, независимость",Опыт работы в малом бизнесе часто сопряжен с отсутствием социальных гарантий и поддержек. Для молодых людей это может стать фактором профессионального выгорания и поиска новых путей.,эпизод,"малый бизнес, неформальная занятость",,,
3,"Ранняя зрелость, профессиональный кризис",Кризис профессиональной идентичности,"Респондент испытывает неопределенность в профессиональной сфере, пробовал себя в разных коммерческих направлениях, но не нашел подходящего. Сейчас рассматривает тендерный бизнес, предпочитает работу с документами и минимальным общением.","Кучу всего перепробовал. Везде себя попробовал коммерческой деятельности. Не подошло. Основные такие моменты. Непонятно, что делать дальше. Зарабатывать надо.","неуверенность, тревога","самореализация, финансовая стабильность, честность с собой","Поколенческий кризис профессиональной идентичности характерен для молодых людей, особенно после нестабильного опыта занятости. Склонность к проектной работе и избегание интенсивного общения может быть связана с личностными особенностями и опытом восстановления.",перелом,,,"низкая, поиск новых форм занятости",
4,"Настоящее время, досуг и саморазвитие","Хобби, досуг и саморазвитие","Респондент увлекается китайским чаем, прогулками в одиночестве, стендовым моделированием (ранее), медитацией. Спортом занимается мало из-за нехватки времени и сил. Читает психологическую и бизнес-литературу, не интересуется художественной литературой и массовой культурой.","Я люблю китайский чай... люблю прогулки один гулять... раньше увлекался стендовым моделированием... медитирую, у меня медитация час длится, я вечером час медитирую.","спокойствие, ностальгия, легкая грусть","саморазвитие, уединение, гармония","Выбор индивидуальных, созерцательных хобби и практик (чай, медитация, моделирование) может быть связан с потребностью в восстановлении и внутренней гармонии после кризисных периодов.",эпизод,,,,True
5,"Настоящее время, отношение к природе и отдыху",Отдых на природе и отношение к экологии,"Респондент предпочитает отдыхать на природе в одиночестве, любит поездки за город, не проявляет социальной ответственности по отношению к экологическим проблемам.","А именно отдохнуть, только одному поехать, котелок с собой взять, воды, мой чай. И посидеть там, попить чайку, вот это я прям с удовольствием.","умиротворение, равнодушие к общественным вопросам","уединение, личный комфорт",Потребность в уединении и индивидуальном отдыхе может быть реакцией на социальную перегрузку. Отстраненность от экологической повестки — проявление индивидуалистской позиции.,декларация,,,,True
6,"Настоящее время, повседневность",Распорядок дня и удовлетворенность жизнью,"Респондент не удовлетворен своим распорядком дня: не хватает времени и сил на желаемые занятия, приоритеты — посещение собраний, работа, учеба, медитация. Вечером ощущает истощение.","У меня не хватает сил делать то, что я хотел бы спланировать. У меня их притык не хватает.","усталость, неудовлетворенность","саморазвитие, дисциплина, честность с собой","Структурированность дня и приоритеты (собрания, работа, учеба) отражают процесс восстановления и поиска баланса между обязанностями и личными интересами.",узел,,,,True
7,"Настоящее время, социальные связи",Близкие люди и социальные связи,"Респонденту важно общение, несмотря на любовь к уединению. Основные связи — группы трезвости, школьные друзья, но с родственниками отношения поверхностные. Отмечает изменения в паттернах привязанности после терапии.","Мне очень важно общение. Я без него плохо себя чувствую. Очень плохо. Хотя, несмотря на то, что я люблю отдыхать один, мне общение важно.","признательность, некоторая отстраненность","принадлежность, поддержка, независимость","Группы трезвости становятся ключевым социальным институтом для респондента, компенсируя недостаток семейной поддержки. Изменения в паттернах привязанности — результат личной терапии.",узел,"группы трезвости, неформальные дружеские сети",,,
8,Детство и подростковый возраст,Семейные конфликты и отношения с родственниками,"В семье были конфликты, связанные с ревностью к младшему брату и отсутствием поддержки в спорте. Отношения с отцом и сестрой нейтральные или отстраненные, с матерью — сложные из-за ее психоэмоционального состояния.","Внутри семьи основная масса конфликтов была из-за того, что я ревновал моего младшего брата к моей маме... И у меня не было поддержки от родителей, от семьи. Они боялись, что меня забьют все время.","обида, грусть, принятие","справедливость, признание, независимость",Семейные конфликты и отсутствие поддержки в детстве формируют паттерны поведения и отношения к близким во взрослой жизни. Эмоциональная дистанция с родственниками — защитная реакция.,эпизод,,,,True
9,Подростковый возраст — настоящее время,Отношение к семейным традициям,"Респондент не придает значения семейным традициям, в подростковом возрасте даже провоцировал конфликты на праздниках. Сейчас предпочитает минимальное участие в семейных сборах.","Я не хотел садиться, гулять, Я специально так взял, чтобы всем плохо было, конфликтов было. Потому что мне очень нравилось, что меня против моей воли куда-то там тащат.","отчуждение, равнодушие","автономия, свобода выбора",Отстраненность от семейных традиций может быть следствием конфликтного опыта и стремления к самостоятельности.,декларация,,,,True
10,"Взрослая жизнь, личная жизнь",Отношение к отсутствию отношений и переживание одиночества,"Респондент тяжело переживал отсутствие отношений, особенно в начале трезвости, но со временем научился принимать ситуацию и продолжает попытки завести отношения, несмотря на неудачи.","Когда уже прошел, прожил все эти кризисы, уже такой думаешь, ну блин, да.","принятие, спокойствие, ранее — страдание","саморазвитие, принятие себя, настойчивость","Переосмысление личной жизни и принятие одиночества — важный этап в процессе восстановления после зависимости. Акцент на действиях, а не на результатах.",перелом,,,,True
11,"Взрослая жизнь, взгляды на будущее",Отношение к детям и страхи по поводу будущего семьи,"Респондент положительно относится к детям, но испытывает страхи, связанные с возможной передачей психических проблем и финансовой нестабильностью. Осознает влияние семейных установок на собственное отношение к деньгам и воспитанию.","Я боюсь что он проживать такую же боль как и я плюс есть финансовые страхи... Когда у меня появлялись какие-то деньги, я боялся. Я только сейчас учусь это делать.","тревога, забота, рефлексия","ответственность, честность, забота о будущем",Страхи по поводу передачи негативных сценариев и финансовой неустойчивости типичны для людей с опытом семейных трудностей и экономии. Осознанность этих паттернов — шаг к их преодолению.,декларация,,нет,"низкая, опасения по поводу финансового обеспечения семьи",
1,"Молодость, взросление",Дружба и социальные связи,"Респондент делит друзей на две категории: одни — для эмоциональной и материальной поддержки, другие — для приятного времяпрепровождения. Он ценит обе группы, но обращается за помощью только к тем, кому доверяет. Конфликты с друзьями чаще всего связаны с нехваткой внимания или бытовыми разногласиями, но обычно решаются обсуждением.","Есть друзья, которым я могу обратиться за помощью... Есть друзья, с которыми я могу просто встретиться и много посмеяться... Я никогда в жизни не обращаюсь к ним за помощью.","Рефлексивность, некоторая уязвимость, благодарность","Доверие, поддержка, честность, эмоциональная близость","Респондент осознаёт сложность и многослойность дружеских отношений, разделяя их по функциям. Это отражает современную тенденцию к дифференциации социальных связей и осознанному подходу к выбору круга общения.",эпизод,,,,False
2,"Переходный период, восстановление",Конфликты и потребность во внимании,"В период восстановления респондент особенно остро нуждался во внимании друзей, что приводило к конфликтам, если его ожидания не оправдывались. Он признаёт, что раньше не мог сам себе дать опору и зависел от поддержки окружающих.","Я на тот момент выздоравливал, и для меня момент внимания человеческого был очень важен. Я не мог сам себе дать какое-то внимание, опору.","Уязвимость, обида, зависимость","Внимание, поддержка, эмоциональная безопасность",Периоды личностных кризисов усиливают зависимость от социальных связей. Для респондента дружба становится способом компенсировать внутренний дефицит поддержки.,эпизод,,,,False
3,"Молодость, рефлексия",Самоидентификация через окружение,"Респондент замечает, что его друзья — отражение его самого. Он пытался сменить окружение, но отмечает, что общество выбирает человека, а не наоборот. Взаимный выбор друзей и партнёров происходит через социальные фильтры и совпадение ценностей.","Я обратил внимание, что я есть то общество, к которому я дохожу. И в первую очередь, знаете, сначала общество меня выбирает, а не я общество.","Осознанность, принятие, лёгкая ирония","Аутентичность, честность, совпадение ценностей","Респондент демонстрирует высокий уровень рефлексии, осознавая механизмы формирования социальных групп и свою роль в них. Это характерно для молодых людей, стремящихся к самопознанию.",декларация,,,,False
4,"Настоящее время, ранняя взрослость",Здоровье и ограничения,"Респондент страдает от спортивного артроза стоп, что ограничивает его возможности работать на ногах и вынуждает искать сидячие подработки. Он адаптировался к состоянию, минимизирует нагрузки и старается не напрягаться.","У меня беспокоит артроз, у меня спортивный артроз. На стопах. Сегодня у меня прям сильно ноги болят. Но я привык к этому.","Смирение, адаптация, лёгкая тревога","Здоровье, адаптивность, самостоятельность",Хронические заболевания в молодом возрасте формируют особую стратегию адаптации и влияют на выбор профессии и образ жизни.,узел,,,Ограничено из-за здоровья,False
5,Настоящее время,Питание и забота о себе,"Питание респондента несбалансированное, он отмечает пристрастие к сладкому и вредной пище. Были попытки изменить рацион, но они не увенчались успехом. Медитации и витамины используются для поддержания самочувствия.","В последнее время пристрастился к базировкам и сладким... у меня была попытка недавно сесть на диету, я питался овощами, у меня от них плохо стало.","Раздражение, усталость, попытка контроля","Здоровье, саморегуляция, поиск баланса","Проблемы с питанием и попытки изменить привычки типичны для молодых людей, сталкивающихся с самостоятельной организацией быта.",эпизод,,,,False
6,Детство — юность,Отношение к медицине и опыт семьи,"В детстве респондент сталкивался с гомеопатией по инициативе матери, что оставило негативные воспоминания. Сейчас он сторонник доказательной медицины, предпочитает обращаться к врачам и принимать назначенные лекарства.","Когда у меня температура 40, я трясусь буквально в припадке, мне дают шарики, и оно не проходит... Потом мне дают антибиотики, врач прописывает. Я выздоравливаю за два дня.","Раздражение, благодарность, уверенность","Рациональность, доверие к науке, прагматизм",Личный негативный опыт с альтернативной медициной формирует устойчивое доверие к официальной медицине и скепсис к нетрадиционным практикам.,перелом,"Семья, система здравоохранения",,,False
7,Настоящее время,Взаимодействие с медициной,"Респондент предпочитает частные клиники из-за лучшего сервиса, но отмечает высокую стоимость услуг. В государственную медицину обращается только при необходимости бесплатных обследований. К врачам ходит нерегулярно, в основном по острой необходимости.","В частную поликлинику. В государственную они идут только потому, что бесплатно обследование пройдено.","Прагматизм, недоверие, разочарование","Качество, сервис, самостоятельность","Выбор между государственной и частной медициной обусловлен качеством услуг и финансовыми возможностями, что типично для молодых горожан.",декларация,,,Платные медицинские услуги,False
8,Настоящее время,Финансовое положение и поддержка семьи,"Респондент живёт с родителями, не платит за жильё и еду, что считает существенной финансовой поддержкой. Его доходы нестабильны, состоят из подработок, основная часть уходит на оплату учёбы и личные расходы.","То, что я живу с родителями, это уже как бы я за квартиру не плачу, я считаю, что это финансовая поддержка.","Благодарность, реализм","Семейная поддержка, образование, самостоятельность",Семейная поддержка остаётся важным ресурсом для молодых людей в условиях высокой стоимости жизни в мегаполисе.,узел,Семья,True,"Частичная, за счёт подработок",False
9,Настоящее время,Финансовые траты и приоритеты,"Основные траты респондента — мелкое питание, одежда, связь, интернет, оплата психолога и учёбы. Он не платит за жильё и еду дома, что позволяет направлять доходы на личные нужды.","В основном мелкое питание, какой-то перекус... Психолога оплачиваю.","Практичность, рациональность","Психологическое здоровье, образование, личные потребности",Приоритеты в расходах отражают ценность образования и психического здоровья для молодого поколения.,эпизод,,,Платные образовательные и психологические услуги,False
1,Студенчество,Критика образования и опыт работы,"Респондент выражает сильное недовольство качеством образования в университете, отмечая несоответствие теории и практики, а также высокую стоимость обучения. Параллельно он работал в мебельной студии у друга-предпринимателя, где получил более ценные знания по менеджменту.","Я высказывал свое мнение преподавателям на тему, что у нас не обучают. У нас предмет менеджмента, он ничего общего не имеет с менеджментом.","Негодование, разочарование","Практические знания, справедливость, самостоятельность",Респондент демонстрирует критическое отношение к формальному образованию и ценит неформальное обучение через практику. Высокая стоимость образования и его низкое качество вызывают у него протест и ощущение несправедливости.,декларация,"ВУЗ, мебельная студия",,"частичная (работа у друга, оплата обучения)",True
2,"Молодость, начало самостоятельной жизни",Финансовые трудности и кредит,"Из-за резкого ухудшения финансового положения респондент был вынужден взять кредит, что привело к значительным долгам. Он столкнулся с трудностями в управлении личными финансами.","Я взял кредит, и у нас резко потоки доходов обрубились. Я вылетел в еще большие долги, до 100 тысяч долларов дошел.","Тревога, стресс","Финансовая стабильность, ответственность","Опыт долгов и кредитов типичен для молодых людей, сталкивающихся с самостоятельной жизнью и недостатком финансовой грамотности. Это формирует у респондента осторожное отношение к деньгам и долгам.",перелом,Банк (кредитование),,"активная (кредит, долги)",True
3,Начало трудовой деятельности,Работа и финансовые ожидания,"Респондент работал с ожиданием повышения зарплаты, но этого не произошло. Значительная часть дохода уходила на оплату учебы, что приводило к постоянному дефициту средств.",У меня заработная плата максимум была как раз-таки 50 тысяч... Половина на учебу уходит сразу.,"Разочарование, усталость","Самореализация, финансовая независимость","Молодые специалисты часто сталкиваются с несоответствием ожиданий и реальности на рынке труда, что усиливает финансовое давление и влияет на жизненные стратегии.",эпизод,"Работодатель, ВУЗ",,"активная (работа, оплата услуг)",True
4,"Личная жизнь, повседневность",Потребительское поведение и поддержка близких,"Респондент доверяет выбор одежды подруге, признавая отсутствие вкуса. Покупкой продуктов занимается сестра.","В деле я одежду прошу выбирать мою подругу, потому что я абсолютно не имею вкуса никакого.","Признательность, самоирония","Доверие, поддержка близких","В повседневных вопросах респондент полагается на помощь семьи и друзей, что характерно для молодых людей, находящихся в процессе становления самостоятельности.",эпизод,"Семья, друзья",,пассивная (делегирование выбора),True
5,Рефлексия и самоопределение,Отношение к деньгам и финансовые страхи,"Респондент осознал, что деньги для него важны, но испытывает страх перед большими суммами и не умеет ими распоряжаться. Финансовые цели не достигаются, он ищет профессиональную нишу по интересам.","Я понял, что я боюсь денег больших. Для меня даже зарплата, если 100 тысяч будет, это стресс такой.","Тревога, неуверенность","Самопознание, честность с собой","Финансовая тревожность и неуверенность в обращении с деньгами — частая проблема у молодых людей, не имеющих опыта финансового планирования.",декларация,,,ограниченная (отсутствие финансовых целей),True
6,Профессиональное самоопределение,Поиск профессиональной ниши и препятствия,Главным препятствием для роста дохода респондент считает недостаток коммуникативных навыков для работы с клиентами. Он предпочитает административную и управленческую деятельность.,"То, что связано с продажами, это не мое. То есть мне надо себя пробовать в более административной деятельности, управленческой.","Осознанность, надежда","Профессиональное развитие, реализм","Респондент осознает свои сильные и слабые стороны, что свидетельствует о процессе профессионального самоопределения и поиске подходящей сферы деятельности.",узел,,,потенциальная (поиск работы по интересам),True
7,Подростковый возраст,Опыт взаимодействия с полицией,"В подростковом возрасте респондент попадал в полицию из-за драк и употребления алкоголя, но серьезных последствий не было. Взрослея, вызывал полицию по бытовым вопросам.","Я там подрался, я помню, 13 лет ему упал в полицию... Потом меня в нетрезвом, видите, там с алкоголем задерживали неоднократно на улице.","Безразличие, легкая ирония","Справедливость, удача",Опыт взаимодействия с полицией в подростковом возрасте часто формирует отношение к государственным институтам и закону.,эпизод,Полиция,,,True
8,"Юность, ранняя взрослость",Служба в армии,"Респондент служил в десантном полку, воспринимал службу как потерянный год, но признает, что армия необходима государству как обслуживающий персонал.","Я считаю, что это бесполезный, абсолютно потерянный год для мальчиков и парней, для тех, кто не может найти себя. Я был одним из них.","Скепсис, разочарование","Самоопределение, честность","Служба в армии воспринимается как вынужденная мера для тех, кто не определился с жизненным путем, а не как способ личностного роста.",эпизод,Армия,,,True
9,Взрослая жизнь,Взаимодействие с государственными органами,"Респондент сталкивался с налоговой только через приложение, имеет карту москвича, но испытывает трудности с МФЦ и госуслугами. Отмечает плохую работу скорой помощи.","У меня проблемы с этим МФЦ постоянно... На те моменты, когда я ими пользовался, они отвратительно работали.","Раздражение, неудовлетворенность","Эффективность, справедливость",Недоверие и неудовлетворенность качеством государственных услуг типичны для молодых горожан.,эпизод,"МФЦ, налоговая, скорая помощь",,пассивная (получение услуг),True
10,Взрослая жизнь,Политические взгляды и отношение к власти,"Респондент не интересуется политикой, считает, что власть в России — это отдельная структура, преследующая свои интересы. Не доверяет СМИ, считает, что информация искажена.","Я то, что читаю, считаю, что это все обман и ложь. Ну, то есть это как бы просто картинка, которую доносит общество.","Недоверие, скепсис","Независимость, критическое мышление","Недоверие к институтам власти и СМИ характерно для части молодежи, дистанцирующейся от политики.",декларация,"Государство, СМИ",,,True
11,Взрослая жизнь,Оценка чиновников и социальной сферы,"Респондент считает, что чиновники неэффективны, многие не заслуживают своих зарплат. Отмечает, что в государственные структуры идут менее способные люди, а талантливые — в бизнес.","У меня нет убеждения, что они осваивают бюджет. У меня есть подозрение, что кто-то из них зря получает свой зарплату.","Скепсис, ирония","Справедливость, эффективность",Критика чиновников и недоверие к государственным структурам отражают разочарование в социальной мобильности и эффективности институтов.,декларация,Государственные органы,,,True
1,Молодая взрослая жизнь,Жилищный вопрос и экономические трудности,"Респондент рассуждает о невозможности приобрести жилье в современных экономических условиях, отмечает высокие цены, длительные сроки выплат по ипотеке и нестабильность доходов. Выражает ожидание поддержки от государства и критикует существующие механизмы.","С учетом нынешних зарплат, с учетом роста цен на жилье, это невозможно выплатить квартиру. Ипотеку, даже если взять, это нужно два поколения, чтобы выплатить.","Разочарование, тревога, критичность","Стабильность, справедливость, социальная поддержка","Респондент демонстрирует типичную для молодых взрослых фрустрацию по поводу недоступности жилья, что отражает структурные проблемы российского рынка недвижимости и недостаточность государственных программ поддержки.",декларация,"рынок жилья, ипотека, государственная поддержка",False,,
2,"Современность, зрелая рефлексия",Отношение к СВО и политическим событиям,"Респондент сравнивает текущий конфликт с прошлыми военными событиями, прогнозирует затяжной характер и выражает пессимизм относительно будущего Украины и итогов конфликта.",Ну это как развитие конфликта в Чечне и Афганистане будет. То есть это надолго все.,"Пессимизм, отстраненность","Реализм, прагматизм","Респондент демонстрирует политическую апатию и усталость от затяжных конфликтов, что характерно для части российского общества, уставшей от неопределенности.",декларация,,,,
3,"Молодость, профессиональное становление",Использование цифровых технологий и соцсетей,"Респондент активно использует соцсети и нейросети для работы и личных целей, отмечает смену интересов в подписках, усталость от информационного шума и постепенный уход от активного публичного присутствия.","Раньше публиковал очень много, сейчас перестал.","Усталость, критичность, прагматизм","Информационная гигиена, профессиональное развитие",Переход от активного участия к пассивному потреблению контента отражает тенденцию цифровой усталости и поиска баланса между личной жизнью и информационным потоком.,эпизод,,,True,
4,"Молодость, поиск отношений",Опыт знакомств через интернет,"Респондент делится негативным опытом знакомств на сайтах, отмечает высокий уровень мошенничества и финансовых ожиданий со стороны девушек, а также проблемы с искренностью и безопасностью.","Очень много аферисток, да, кто либо просто идут бесплатно кушать за чужой счет... профессиональная мошенница...","Недоверие, разочарование","Безопасность, честность, экономия","Опыт респондента иллюстрирует гендерные и экономические аспекты онлайн-знакомств, а также рост недоверия и прагматизма в молодежной среде.",эпизод,,,,
5,"Молодость, профессиональное становление",Использование искусственного интеллекта и нейросетей,"Респондент активно использует ИИ для работы и учебы, зарабатывает на написании курсовых, отмечает плюсы и минусы технологий, а также опасения по поводу деградации навыков у молодежи.",Я начал зарабатывать на написании курсовых работ в какой-то момент с помощью чата.,"Удовлетворение, прагматизм, тревога","Эффективность, технологичность, самостоятельность","Респондент демонстрирует адаптацию к новым технологиям и критическое отношение к их влиянию на образование, что характерно для молодых профессионалов.",эпизод,,,True,
6,"Молодость, потребительский опыт",Отношение к платным приложениям и подпискам,"Респондент выражает раздражение по поводу навязанных подписок и считает действия крупных сервисов (Яндекс, Тинькофф) легальным мошенничеством.","У меня очень сильное раздражение в последнее время на Яндекс и Тинькофф, потому что они списывали у меня деньги.","Раздражение, возмущение","Честность, прозрачность, контроль расходов",Критика цифровых сервисов отражает растущее недовольство потребителей навязчивыми бизнес-практиками и важность финансовой грамотности.,декларация,,,True,
7,Подростковый и юношеский возраст,Опыт компьютерных игр и отношение к ним,"Респондент рассказывает о периоде увлечения компьютерными играми в подростковом возрасте, отмечает снижение интереса с возрастом и отсутствие удовольствия от игр сейчас.","Я раньше играл в танки очень много. С тринадцати до двенадцати, шестнадцати лет. Два-три года очень много играл.","Ностальгия, равнодушие","Саморазвитие, рациональное использование времени",Переход от игровой зависимости к осознанному ограничению времени на игры типичен для взрослеющих молодых людей.,эпизод,,,,
8,"Семейная жизнь, наблюдение за близкими",Проблемы зависимости от гаджетов у младшего брата,"Респондент отмечает зависимость младшего брата от компьютера, проблемы социализации и конфликты в семье из-за этого.",У него проблемы социализации большие из-за этого. То есть он компьютерный зависимый.,"Беспокойство, тревога","Семья, забота, социализация",Проблема цифровой зависимости среди подростков становится предметом семейных конфликтов и заботы старших членов семьи.,эпизод,,,,
9,"Современность, зрелая рефлексия",Влияние технологий на отношения между людьми,"Респондент рассуждает о том, что влияние технологий на отношения зависит от семейных ценностей и воспитания, отмечает разобщение старшего поколения и важность ограничения гаджетов для детей.",Смотрение зависит от воспитания. То есть какие ценности привиты в семье.,"Рефлексия, умеренность","Семейные ценности, воспитание, баланс","Респондент подчеркивает роль семьи в формировании отношения к технологиям, что отражает традиционалистские установки.",декларация,,,,
10,"Последний год, профессиональные испытания",Работа у друга и преодоление трудностей,"Респондент рассказывает о сложном опыте работы в компании друга, большом количестве проектов и стрессе, но гордится тем, что довел дело до конца и проявил ответственность.","Я не сдался, я довел дело до конца, нашел стажера... Мне было очень плохо. Я каждый день просыпался, у меня было состояние, я не могу описать, как мне было просто очень плохо каждый день.","Стресс, гордость, облегчение","Ответственность, дисциплина, преодоление",Опыт трудностей на работе и последующего преодоления способствует формированию взрослой идентичности и уверенности в себе.,узел,"малый бизнес, трудовые отношения",,,
11,"Последний год, саморефлексия",Изменения в жизни и финансовая грамотность,"Респондент отмечает улучшение ментального здоровья, но ухудшение материального положения, связывает это с ошибками в выборе профессии и недостаточной финансовой грамотностью.","Во внутреннем плане в лучшую сторону, если ментальное здоровье рассматривать именно внутренне. Если в плане жизненных, каких-то материальных благ — в худших.","Рефлексия, сожаление, принятие","Психическое здоровье, финансовая грамотность, саморефлексия","Респондент демонстрирует рост самосознания и критическую оценку своих решений, что характерно для перехода к зрелости.",перелом,,,,
12,"Настоящее, планы на будущее",Ожидания и планы на будущее,"Респондент выражает желание найти стабильную работу и построить отношения, но отмечает, что не строит жестких планов из-за влияния внешних обстоятельств.","Я просто хочу найти работу и работать на ней. И больше ничего. Хочу отношений, хочу опыт получить в конце концов.","Умеренный оптимизм, осторожность","Стабильность, реализм, опыт",Отказ от жесткого планирования и принятие неопределенности отражает адаптацию к нестабильной социальной и экономической ситуации.,декларация,,,,
13,"Настоящее, зрелая рефлексия",Жизненные ценности и смысл жизни,"Респондент выделяет психическое здоровье, контакт с собой и финансовую стабильность как главные ценности, отмечает важность саморефлексии и отсутствие универсального смысла жизни.",Для меня самое важное в жизни – это остаться трезвым. Без этого ничего не может быть в жизни. Психическое здоровье на первом месте.,"Серьезность, принятие","Психическое здоровье, саморефлексия, трезвость, финансовая стабильность","Фокус на внутреннем благополучии и отказ от поиска универсального смысла жизни характерен для поколения, переживающего экзистенциальные кризисы.",декларация,,,,
14,Недавний кризис,Экзистенциальный кризис и переосмысление смысла жизни,"Респондент пережил экзистенциальный кризис, пришел к выводу об отсутствии универсального смысла жизни и необходимости адаптироваться к обстоятельствам.","Я пришел к выводу, что нет смысла жизни вообще, его нет... смысл жизни в том чтобы пройти эту жизнь, прожить ее, адаптироваться.","Тоска, принятие, философская рефлексия","Адаптация, принятие, саморефлексия",Экзистенциальные поиски и принятие неопределенности отражают кризис идентичности и поиск новых опор в условиях нестабильности.,перелом,,,,
1,"Взрослая жизнь, рефлексия над личными качествами",Саморазвитие и ограничения,"Респондент размышляет о своих природных ограничениях и желаемых качествах: большей энергии, скорости восприятия и умении легко находить общий язык с людьми.","Я бы две вещи изменил. Именно уровень энергии, выносливость... я бы добавил умение находить общий язык с людьми легко — этого не хватает.","Сдержанная неудовлетворенность, стремление к развитию","Саморазвитие, эффективность, коммуникация","Респондент демонстрирует высокий уровень саморефлексии и стремление к личностному росту, что характерно для современных молодых профессионалов, сталкивающихся с требованиями гибкости и высокой продуктивности.",декларация,,,,False
2,"Взрослая жизнь, профессиональное становление",Страхи и тревоги,"Респондент открыто говорит о своих страхах: финансовых, профессиональных и личных. Боязнь не реализоваться, не достичь значимого, остаться без отношений.","Есть страхи, что я не состоюсь в плане профессиональном... Есть страх, что отношений не будет еще долгое количество времени. Страх прожить жизнь без каких-то... достигаторство осталось, потребность достигать осталась, не достичь чего-то значимого.","Тревога, неуверенность, уязвимость","Достижения, финансовая стабильность, самореализация, отношения",Страхи респондента отражают типичные установки представителей среднего класса в условиях нестабильности: ценность самореализации и материального благополучия сочетается с тревогой перед неопределённостью будущего.,декларация,,,,False
3,"Взрослая жизнь, работа над собой",Преодоление страхов,Респондент рассказывает о способах работы со своими страхами: психотерапия и медитация помогают ему справляться с внутренним напряжением.,"Я работаю над ним. психотерапия, медитация. Ну а без этого я бы сломался.","Уязвимость, благодарность за найденные инструменты","Психологическое здоровье, самопомощь, устойчивость","Использование психотерапии и медитации говорит о распространённости практик заботы о ментальном здоровье среди молодых горожан, а также о снижении стигмы вокруг обращения за психологической помощью.",эпизод,,,,False
4,Детство и взрослая жизнь,Отношение к смерти,"Респондент с детства не испытывает страха смерти, не имеет религиозных взглядов, боится только мучительной смерти. Видел смерть близких.","Вот именно физическая смерть у меня как-то всегда не страшна была абсолютно... Единственное, что я боюсь, это мучиться перед смертью.","Спокойствие, рациональность, лёгкая тревога","Рациональность, принятие, отсутствие религиозности","Отсутствие страха смерти и религиозных взглядов свидетельствует о рационалистическом мировоззрении, характерном для части городского населения, а также о влиянии личного опыта (наблюдение смерти близких).",декларация,,,,False
5,"Настоящее, рефлексия после интервью",Открытость и самопрезентация,"Респондент осознаёт свою склонность к гипероткрытости, размышляет о необходимости более сдержанной самопрезентации, отмечает эмоциональную усталость после долгого разговора.","Я могу резко открываться, рассказывать про себя все... Тоже гипероткрытость, она не всегда помогает. Я чувствую сильную эмоциональную усталость.","Усталость, самокритика, рефлексия","Осознанность, самоконтроль, эмоциональное здоровье",Рефлексия по поводу открытости указывает на внутренний конфликт между потребностью в искренности и необходимостью самозащиты в коммуникации с незнакомыми людьми.,узел,,,,False
6,"Взрослая жизнь, воспоминания о прошлом",Тяжёлые эпизоды и эмоциональные переживания,"Респондент отмечает, что наиболее эмоционально сложным для него было рассказывать о прошлом, связанном с употреблением, а также о проблемах с государством, Яндексом и учёбой. Испытывает негодование и непонимание, особенно в темах денег и отношений.","Когда я рассказывал, наверное, про прошлое с употреблением связанное... я испытывал негодование когда говорил про вот эти вот проблемы с государственным вопросом с Яндексом, с учебой.","Негодование, смятение, непонимание","Честность, преодоление, стремление к стабильности",Упоминание проблем с государственными институтами и крупными компаниями (Яндекс) отражает типичные для молодых специалистов сложности интеграции в профессиональную и социальную среду.,эпизод,"государство, Яндекс, учебные заведения",,,False
007,"Настоящее, итоговая рефлексия",Выводы о жизни,"Респондент приходит к выводу, что сферы денег и отношений требуют активных действий и целенаправленности.","Я четко понял, что деньги и отношения любят действовать. Эти сферы очень много действуют. Целенаправленно. К такому выводу пришел.","Осознанность, решимость","Деятельность, целеустремлённость, прагматизм","Фокус на необходимости действия в ключевых сферах жизни отражает ценности современной городской молодёжи, ориентированной на самостоятельность и активное управление жизнью.",декларация,,,,False
