id,life_stage,theme,summary,quote,emotion,values,sociological_note,type,institution,housing_promised,collapse_context,market_participation
1,Детство и школьные годы,"Жизнь в небольшом поселке, семейное воспитание и ограничения","Респондентка выросла в небольшом поселке Приморского края в семье с требовательными родителями. Детство запомнилось трудным: много домашних обязанностей, строгий контроль, мало свободы и развлечений. Родители были не богаты, часто ограничивали в желаниях и одежде. Яркие воспоминания связаны с редкими периодами свободы у бабушек.","Детство было, конечно... Все желания не удовлетворялись полностью. Всегда хотелось конфеток, шоколадок. Родители не богатые. Где-то кто-то поделится, но в основном ощущение какой-то ущербности в стольной степени было.","Сдержанная грусть, легкая обида, ностальгия","Самостоятельность, стремление к свободе, ценность личного пространства",Опыт детства в провинциальном поселке с ограниченными ресурсами и строгим воспитанием формирует у респондента стремление к самостоятельности и желание вырваться в более свободную среду. Контраст между жизнью с родителями и у бабушек подчеркивает важность личной автономии для респондента.,эпизод,"семья, школа, бабушки",0.0,1.0,
2,Старшие классы школы,"Первые успехи, олимпиады, формирование амбиций","В старших классах респондентка начинает участвовать в олимпиадах и конференциях, что становится для нее важным этапом самоутверждения. Победы и поездки дают ощущение потенциала и возможность вырваться за пределы поселка, несмотря на скепсис родителей.","Для меня это было очень значимо, что потенциал есть. И зарывать его только в своем поселке тоже смысла никакого нет.","Гордость, воодушевление, уверенность","Саморазвитие, амбиции, стремление к большему","Участие в олимпиадах и конференциях становится для респондента символом выхода за пределы ограниченного социального пространства. Формируется установка на мобильность и самореализацию, несмотря на давление семьи.",узел,"школа, олимпиады, конференции",,1.0,False
3,Поступление и студенчество,"Выбор города и университета, студенческая активность","Респондентка рассматривала разные города для учебы, но в итоге осталась во Владивостоке, хотя этот город не был для нее приоритетным. Студенческие годы стали периодом максимальной активности, самостоятельности и личностного роста. Она участвовала в общественной жизни, училась, пробовала новое, впервые почувствовала вкус свободы.","В студенчестве самый активный был, наверное, период, когда можно было все попробовать, да, вот. В студенческие годы я отлично защитила, обучилась на вождении и еще защитила второй диплом.","Энтузиазм, удовлетворение, свобода","Активность, самостоятельность, проба нового","Студенчество становится для респондента пространством социальной мобильности и самореализации. Важна не только учеба, но и возможность попробовать разные роли и практики, выйти из-под родительского контроля.",эпизод,"университет, общежитие, студенческие организации",,1.0,True
4,"Начало взрослой жизни, аспирантура, первые отношения","Первые серьезные отношения, разрыв, депрессия и смена жизненного курса","После окончания университета респондентка поступила в аспирантуру, занималась наукой, но разрыв с первым гражданским мужем привел к депрессии и отказу от научной карьеры. Смерть научного руководителя усугубила кризис. Она временно ушла на неквалифицированную работу, постепенно восстанавливалась.","Ну, в общем, как старуха с разбитым корытом. Ну, осталось после отношений.","Печаль, разочарование, потерянность","Преодоление трудностей, поиск себя, эмоциональная устойчивость","Личный кризис и разрыв отношений становятся переломным моментом, влияющим на профессиональную траекторию. Женский опыт совмещения личной жизни и карьеры, а также влияние эмоциональных потрясений на профессиональную самореализацию.",перелом,"аспирантура, научное сообщество, семья",,1.0,True
5,Восстановление и профессиональный поиск,"Поиск работы, возвращение к активности, новые профессиональные роли","После кризиса респондентка пробует разные работы — от официантки до администратора, затем возвращается в сферу образования. Сохраняет активность, помогает бывшему боссу, реализует инициативность в новых ролях.","Видимо, вот эта вот инициативность, активность, она все равно в той или иной степени реализуется.","Настойчивость, надежда, уверенность","Трудолюбие, инициативность, адаптивность",Профессиональная гибкость и готовность к смене ролей становятся стратегией выживания и восстановления после личного кризиса. Важна поддержка со стороны профессионального окружения.,эпизод,"школа, малый бизнес, образовательные учреждения",,1.0,True
6,"Настоящее, новые отношения","Личная жизнь, новые отношения, поддержка и самореализация","Респондентка вступила в новые отношения, которые стали более осознанными и поддерживающими. Она отмечает важность выбора партнера, взаимной поддержки и возможности заниматься тем, что ей интересно.","Сейчас я занимаюсь тем, что мне интересно. скажем так, нахожу поддержку у своего нынешнего супруга в своих начинаниях, проектах и его стараюсь тоже поддерживать.","Удовлетворение, спокойствие, благодарность","Взаимная поддержка, осознанность, личная свобода",Переход к новым отношениям сопровождается переосмыслением ценностей и ролей в семье. Важна поддержка партнера и возможность реализовывать себя вне традиционных семейных сценариев.,узел,"гражданский брак, семья",0.0,1.0,
7,Семейная динамика и влияние на сестру,"Взаимоотношения с сестрой, влияние на выбор профессии","Респондентка отмечает, что ее успехи и интерес к биологии повлияли на выбор сестры, которая также пошла на биологический факультет, но в другой университет. Сестра позже уехала в другой город, что иллюстрирует семейную мобильность и влияние старших братьев/сестер.","И сестру, на самом деле, я когда она училась в школе, каким-то образом, хотя непонятно почему, так вовлекла в биологию, что она тоже пошла на биологический факультет.","Гордость, удивление, теплота","Семейные связи, взаимное влияние, образование","Семейные траектории и образовательные выборы часто взаимосвязаны. Старшие дети могут служить ролевыми моделями для младших, что влияет на их образовательные и жизненные стратегии.",эпизод,"семья, университет",,1.0,
1,раннее детство,Семейная жизнь и воспитание,"Респондентка жила в одной квартире с родителями, сестрой и бабушкой. Воспитание было жёстким, с применением физических наказаний и строгих требований к занятиям. Бабушка давала больше свободы и самостоятельности.","Вторая бабушка жила с родителями, то есть мы жили мама, папа, я, сестра и бабушка. Все в одной квартире... она была более такая, ну, короче, свободу мне больше давала, ну, как бы старалась, самостоятельность, что ли, вот так.","ностальгия, некоторая горечь","семья, самостоятельность, свобода, дисциплина","Семейная структура типична для постсоветского пространства 90-х: несколько поколений в одной квартире, сочетание традиционного и авторитарного воспитания с элементами заботы и поддержки.",эпизод,"семья, школа",0.0,,
2,детство,Травматичные события и опыт воспитания,"Рассказ о травматичных событиях: смерть дедушки, наказания, запреты на любимые занятия (танцы), эпизод с насильственной стрижкой. Воспитание воспринимается как жёсткое и травмирующее.","В результате папа так разозлился, что он повел меня в туалет и все, короче, мне срезал волосы, ну, как бы так, комками... То есть больше, ну, такое, травматичное детство, скажем так.","боль, обида, некоторая рефлексия","справедливость, признание, личные границы","Воспитательные практики 90-х часто включали физические наказания и строгий контроль, что оставляет долгосрочные психологические следы. Важна разница в отношении к детям в семье.",узел,семья,0.0,,
3,детство — ранний подростковый возраст,Позитивные семейные моменты и поддержка,"Несмотря на жёсткость воспитания, были моменты семейной поддержки и совместного отдыха, которые воспринимаются как значимые и позитивные.","Да, были, конечно, позитивные моменты, когда мы уезжали вот в отпуск... Поддержка, опора чувствовала.","тепло, благодарность","поддержка, семейная сплочённость, отдых","Совместные поездки и отдых — важный компенсатор семейных напряжений, формируют чувство защищённости и принадлежности.",эпизод,семья,0.0,,
4,детство — подростковый возраст,Взаимоотношения с родителями и семейные ценности,"Респондентка отмечает взаимопонимание между родителями, их способность к компромиссам, а также дружескую атмосферу в семье, несмотря на отдельные сложности.","Мне нравилось между родителями их взаимопонимание, в принципе, и что они всегда шли на компромиссы, как бы не ругались, а как бы, ну, нормально все обсуждали...","уважение, признательность","взаимопонимание, компромисс, семейная поддержка","Внутрисемейные отношения строились на диалоге и компромиссах, что контрастирует с жёсткими воспитательными практиками по отношению к детям.",декларация,семья,,,
5,школьные годы,Дружба и отношения со сверстниками,"В начальной школе были близкие друзья, но в подростковом возрасте произошёл разрыв дружбы. В дальнейшем респондентка предпочитала ограниченный круг общения, объясняя это семейными требованиями и личными интересами.","Мне лучше было быть нелюдимой, скажем так, иметь одну-две подруги, которые там общаются.","отстранённость, некоторая грусть","индивидуальность, самостоятельность, личные интересы","Семейные ограничения и акцент на учёбе влияли на социализацию, формируя интровертированную стратегию поведения.",эпизод,школа,,,
6,детство — подростковый возраст,Опыт лагеря и самооценка,"Первый опыт лагеря был негативным из-за травли, второй — позитивным, связанным с поддержкой и участием в творческом конкурсе. Эти события повлияли на самооценку и восприятие себя.","В первом, скажем так, мою красоту не принимали... А во второй раз, да, я как бы нашла поддержку.","уязвимость, радость, гордость","поддержка, признание, самореализация",Опыт лагеря иллюстрирует важность групповой поддержки и признания для формирования самооценки в подростковом возрасте.,перелом,детский лагерь,,,
7,детство — подростковый возраст,Первые опыты самостоятельности и заработка,"Бабушка предложила попробовать себя в торговле, что дало первый опыт самостоятельного заработка и возможность приобрести желаемое.","Я действительно пошла торговать укропом, там потом ягоду какую-то собирала и там что-то себе накопила, и это было тоже таким... Я смогла купить то, что я себе хочу...","гордость, удовлетворение","самостоятельность, трудолюбие, материальная независимость","Ранний опыт заработка формирует чувство ответственности и самостоятельности, а также ценность личного труда.",эпизод,,,,True
8,подростковый возраст,Первая работа и профессиональные пробы,"Первая работа была найдена с помощью мамы — в детском доме. Позже были подработки по знакомству и через университетское сообщество, а также опыт работы официанткой.","Ну совсем-совсем первую работу, если так быть честным, мне нашла мама, потому что это было в 14 лет...","любопытство, некоторая неуверенность","инициативность, опыт, самостоятельность","Первые профессиональные шаги часто связаны с семейными связями и случайными возможностями, что типично для молодежи в постсоветском пространстве.",эпизод,"детский дом, университет, клуб",,,True
9,взрослая жизнь,Профессиональная деятельность и предпринимательство,Респондентка совмещает работу в школе и участие в семейном бизнесе по ремонту техники и печати. Оценивает опыт как интересный и развивающий управленческие навыки.,"Это бизнес. Вот я говорю, человек... у нас мастерская скажем так по ремонту техники то есть это как бы совсем не мой профиль да скажем так и в печати да...","интерес, удовлетворение","развитие, самостоятельность, ответственность","Совмещение работы по профессии и предпринимательства характерно для современных молодых специалистов, стремящихся к финансовой устойчивости и самореализации.",эпизод,"школа, малый бизнес",,,True
10,студенчество — взрослая жизнь,Значимые отношения и личный выбор,"Респондентка вспоминает значимые отношения, которые могла бы развить до семьи, но сознательно прервала их, отдавая предпочтение страсти и спонтанности, а не стабильности и поддержке.","Я на корню их порубила, хотя они потенциалы имели хорошие, скажем, в совместной жизни, может быть, в свадьбе, рождении детей и так далее...","сожаление, рефлексия","самостоятельность, свобода выбора, эмоциональная насыщенность","Личностные приоритеты в молодости часто смещаются в сторону эмоций и спонтанности, что может приводить к сожалениям о несделанном выборе в будущем.",узел,,,,
1,Студенческие годы,Авантюрные и рискованные ситуации с друзьями,"Респондентка вспоминает о нестандартных и рискованных ситуациях, в которые попадала вместе с подругами в студенчестве, включая поход в баню с незнакомыми мужчинами и авантюрные вечеринки.","Это была чисто реальная авантюра... Мы пришли, покушали все, что они нам дали, но подарков они нам не подарили, к сожалению, и быстро слиняли.","Смешанные чувства: неловкость, легкое волнение, юмор, осторожность","Безопасность, самостоятельность, дружба, осторожность","Подобные эпизоды характерны для периода юности, когда молодые люди пробуют границы дозволенного, исследуют социальные роли и учатся принимать решения в неоднозначных ситуациях.",эпизод,"ВУЗ, неформальные молодежные компании",,,
2,Студенческие годы,Влюбленности и эмоциональные эксперименты,"Рассказ о вечеринке в Москве, где респондентка впервые попробовала алкоголь, что привело к неожиданному проявлению чувств к молодому человеку.","Я выпила больше, чем рассчитывала... начала признавать платье, которое мне нравилось. Это тоже было.","Смущение, легкая неловкость, самоирония","Открытость опыту, самоконтроль, честность с собой","Студенческие годы часто связаны с экспериментами в отношениях и поведении, что способствует формированию взрослой идентичности.",эпизод,,,,"Потребление алкоголя, участие в молодежных тусовках"
3,Детство,Моральные дилеммы и первый опыт обмана,"Воспоминание о детской ситуации, когда с друзьями нашли кошелек с деньгами, потратили их и пытались скрыть это от родителей.","Я решила, что под ванной самое лучшее место, что туда никуда никто не полезет, но не тут-то было.","Волнение, страх, чувство вины","Честность, ответственность, самостоятельность",Эпизод иллюстрирует процесс социализации и усвоения моральных норм через личный опыт и наказание.,эпизод,,,1.0,
4,Студенческие годы,Выбор между страстью и стабильностью в отношениях,"Респондентка рассказывает о периоде, когда ей пришлось выбирать между стабильными отношениями и вспышкой чувств к другому человеку, в итоге выбрав разум и стабильность.","У одного вспышка чувства и эмоции, а другой разум говорит, что у тебя хороший парень, он тебе заботится, он тебе... Не хотелось его просто обманывать, но рассталась я, конечно, с ним жёстко.","Сожаление, внутренний конфликт, рациональность","Честность, ответственность, уважение к партнеру, самоконтроль","Дилемма между страстью и стабильностью типична для молодого возраста, когда формируются представления о партнерстве и личных границах.",перелом,,,1.0,
5,Настоящее время (взрослая жизнь),Распорядок дня и баланс между работой и личной жизнью,"Описание типичного буднего и выходного дня: работа в школе и офисе, совместные ужины с мужем, занятия танцами, чтение, уборка и совместный досуг по выходным.","Потому что хочется еще что-то для себя сделать. Не знаю... ухаживать за собой, но времени мало свободного.","Умеренная усталость, удовлетворенность, стремление к балансу","Трудолюбие, забота о себе и близких, стремление к гармонии","Современная городская жизнь требует от женщин умения совмещать профессиональные и семейные роли, что приводит к поиску баланса между работой и личным временем.",узел,"Школа, офис, семья",,1.0,
6,Настоящее время (взрослая жизнь),Отношения с близкими и границы личного пространства,"Респондентка описывает свой круг близких: родители, сестра, бабушка, муж, подруги. Отмечает важность дистанции с родителями и особую близость с бабушкой и сестрой.","Потому что если бы каждый раз они помешивали с моей жизнью, ну, не знаю, где бы я была бы и с кем.","Благодарность, спокойствие, осознанность","Семья, доверие, личные границы, самостоятельность","Взросление связано с переосмыслением семейных ролей и выстраиванием новых границ с родителями, что способствует личной автономии.",узел,,,1.0,
1,"Взрослая жизнь, семейный этап",Отношения с матерью,"Респондентка отмечает отсутствие доверительных отношений с матерью, объясняя это возможными негативными последствиями откровенности.","Ну вот, как бы, как мама-дочка, да? Ну, как в идеале, наверное, когда маме-то всё рассказываешь. Ну, нет такого. Ну, потому что это чревато последствиями, разрушающими жизнь, скажем так.","Сдержанная грусть, разочарование","Безопасность, самосохранение, осторожность в личных отношениях","Дистанция между поколениями и отсутствие эмоциональной близости с родителями — частый мотив в современных городских семьях, где ценится автономия и приватность.",декларация,,,,
2,"Взрослая жизнь, семейный этап",Отношения с супругом,"Респондентка описывает мужа как активного, креативного, поддерживающего и доброго человека, противопоставляя его предыдущим партнерам с традиционными взглядами на роль женщины.","были отношения у меня, когда просто говорили, вот либо борщ ты готовишь, либо все, до свидания. Ну, то есть для кого-то это было прям суперважно. Вот. чтобы женщина была домохозяйкой. Ну, я не такой типаж, ну, как вы видите, да.","Удовлетворение, благодарность","Партнерство, поддержка, личная свобода","Респондентка осознанно выбирает партнера, разделяющего современные ценности равноправия и поддержки, что отражает сдвиг в гендерных ролях среди молодых семей.",декларация,,,,
3,"Взрослая жизнь, семейный этап",Знакомство с супругом,Познакомились через общих друзей на дне рождения подруги. История знакомства воспринимается как обычная и логичная.,"У нас друзья общие свели. Просто в компании общей. Хотя, как бы, ну, короче, да. Был день рождения, в общем, у моей подруги. И там пришел вот мой будущий муж.","Спокойствие, легкая ирония","Социальные связи, естественность",Знакомства через друзей остаются важным каналом формирования семейных отношений в российском обществе.,эпизод,,,,
4,"Взрослая жизнь, семейный этап",Планы на будущее,Пара планирует завести ребенка после улучшения материального положения и покупки собственной квартиры.,"Пока собираем на квартиру, чтобы была своя и А то можно завести ребенка за квартиру в ипотеку, это будет очень тяжко, по-моему.","Рациональность, надежда","Стабильность, материальная обеспеченность, ответственность","Планирование семьи откладывается до достижения определенного уровня материального благополучия, что типично для молодых городских семей.",декларация,,1.0,,Планируется покупка жилья
5,"Взрослая жизнь, семейный этап",Финансовые отношения в семье,"В семье есть общий и личный бюджеты. Крупные траты обсуждаются, но респондентка сохраняет финансовую автономию.","Есть общий, а есть мой бюджет. Вот. То есть, когда это мой бюджет, ну, я полностью располагаю, да, и ни перед кем не отчитываюсь.","Уверенность, спокойствие","Автономия, партнерство, прозрачность",Разделение бюджета на общий и личный отражает современные тенденции в управлении семейными финансами и стремление к независимости.,декларация,,,,
6,"Взрослая жизнь, семейный этап",Отношения с родственниками супруга,"Родственники супруга живут в другом городе, общение редкое, но позитивное.","Ну, на самом деле у него тоже родственники в другом городе. Мы к ним иногда ездим в гости. Но это из Сирии не часто бывает.","Нейтральность, легкая теплота","Семейные связи, уважение","Географическая разобщенность семей типична для мобильных молодых семей, что снижает интенсивность межпоколенческих контактов.",эпизод,,,,
7,Переход от предыдущих отношений к нынешним,Уроки из прошлых отношений,"Респондентка научилась больше ценить себя, отстаивать свои интересы и не делиться личным с родителями. В новых отношениях она чувствует больше поддержки и свободы.","В прошлом отношении я была чисто хорошей девочкой. И хозяйка там, и на себя забила. Какие-то хобби свои не хожу. Кое-что, конечно, для себя я делала, но недостаточно.","Осознанность, благодарность за опыт","Самоуважение, личностный рост, независимость",Переосмысление гендерных ролей и личных границ — важный этап взросления и формирования зрелой идентичности.,перелом,,,,
8,"Молодость, студенчество и начало карьеры",Дружба и поддержка,Близкие подруги появились в студенчестве и начале работы. Их отличает взаимная поддержка и пережитые вместе трудности.,В каких-то сложных ситуациях они все испытания вместе столько переносили. Всегда чувствовалась от них поддержка и небезразличие.,"Благодарность, теплота","Дружба, взаимопомощь, лояльность","Студенчество — ключевой период формирования устойчивых дружеских связей, которые сохраняются и во взрослой жизни.",эпизод,университет,,,
9,"Молодость, студенчество",Конфликты и трансформация дружбы,"В студенчестве возникал конфликт с подругой из-за внимания со стороны мужчин, который был преодолен совместными усилиями по повышению уверенности и изменению имиджа подруги.","мы совместно, потому что у нас возникла терка небольшая, и мы думали, как это разрешить. Потому что мне не нужно 10-15 ухажеров одновременно. И постепенно улучшали ее имидж тоже.","Сочувствие, поддержка, легкая неловкость","Солидарность, эмпатия, честность","Дружеские отношения между женщинами часто проходят испытания конкуренцией, но могут трансформироваться в более зрелые и поддерживающие связи.",узел,,,,
10,"Взрослая жизнь, после развода",Ощущение одиночества после развода,"После развода с первым мужем респондентка испытывала чувство изоляции и пустоты, несмотря на наличие друзей и родителей.","И ничего не смогло сделать так, чтобы не ощущалось это пустое, большое, огромное, пустое место, скажем так.","Грусть, опустошенность","Значимость близких отношений, эмоциональная связь","Развод часто сопровождается кризисом идентичности и временным чувством одиночества, даже при наличии социальной поддержки.",перелом,,,,
11,"Взрослая жизнь, настоящее время",Оценка текущих отношений с близкими,"В целом респондентка оценивает свои отношения с близкими как хорошие, дружелюбные и позитивные.","Ну, в целом хорошие, дружелюбные, позитивные.","Удовлетворение, спокойствие","Гармония, доброжелательность",Позитивная оценка социальных связей свидетельствует о восстановлении после кризиса и успешной адаптации.,декларация,,,,
12,"Взрослая жизнь, настоящее время",Здоровье и забота о себе,"Респондентка считает свое здоровье хорошим, занимается танцами, прогулками, следит за физической активностью и старается делать разминку.","Для здоровья я делаю танцы, допустим, у меня как бы два раза в неделю занимаюсь. Какие-нибудь прогулки, пробежки.","Удовлетворение, спокойствие","Здоровье, активность, самодисциплина",Забота о здоровье становится частью повседневной рутины у представителей среднего класса.,декларация,,,,
13,"Взрослая жизнь, настоящее время",Питание и вредные привычки,"Питание не всегда идеально: респондентка не завтракает, иногда позволяет себе вредные продукты, но старается соблюдать баланс.","Иногда я себе позволяю майонезный салат как-нибудь съесть вечерком, хотя как бы полдень не очень-то рекомендуется.","Самокритика, принятие","Умеренность, гибкость",Питание и вредные привычки часто становятся предметом саморефлексии и попыток самосовершенствования.,декларация,,,,
14,"Взрослая жизнь, настоящее время",Стресс и психологическое состояние,"Стресс присутствует в жизни, но в целом его уровень средний. Респондентка отмечает важность психологического состояния для здоровья.","Но питание, физическая активность, я считаю, на здоровье влияют. Но и психологическое состояние тоже влияет на здоровье.","Осознанность, спокойствие","Психологическое благополучие, баланс",Внимание к психологическому здоровью становится все более распространенной нормой.,декларация,,,,
15,"Взрослая жизнь, настоящее время",Отношение к медицине,"В целом респондентка доверяет медицине, но считает необходимым перепроверять диагнозы и обследования.","Не всегда, конечно, надо перепроверять ключи, мне кажется. Потому что диагноз... Не всегда может быть корректен.","Умеренное доверие, осторожность","Рациональность, критичность",Критическое отношение к медицинским услугам связано с опытом и распространённой недоверчивостью к институтам.,декларация,здравоохранение,,,
16,"Взрослая жизнь, настоящее время",Восприятие российской медицины,"Респондентка считает, что в российской медицине сочетаются забота о людях и коммерческий интерес, особенно в связке с аптеками.","Мне кажется, 50 на 50, потому что вроде бы есть врачи, которые и заботятся о людях, все равно стараются помочь. Но коммерческая сторона тоже есть.","Скепсис, реализм","Справедливость, прагматизм",Двойственное восприятие медицины отражает общий тренд недоверия к государственным и коммерческим институтам.,декларация,здравоохранение,,,
17,"Взрослая жизнь, настоящее время",Выбор между коммерческой и государственной медициной,"Выбор зависит от ситуации: при легких заболеваниях — государственная, при серьезных — коммерческая. Опыт обращения в платную клинику не показал разницы.","Если это какое-нибудь небольшое заболевание, допустим, ОРВИ, да, может быть, можно сходить и в обычную клинику. Если это, допустим, какое-то тяжелое заболевание, может и в частную лучше сходить.","Взвешенность, прагматизм","Рациональность, эффективность",Прагматичный подход к выбору медицинских услуг характерен для потребителей с опытом и доступом к разным типам учреждений.,декларация,здравоохранение,,,
1,"Взрослая жизнь, семейный этап",Взаимодействие с медициной и отношение к здравоохранению,"Респондентка считает, что государство должно поддерживать здравоохранение, но признаёт, что ресурсов не хватает, и многие услуги становятся платными. Качество медицины зависит от профессионализма врачей, а не только от места проживания.","То есть вообще государство должно поддерживать людей в здравоохранении. Но, я так понимаю, все равно мощности государства не хватает.","Умеренная критичность, реализм","Справедливость, ответственность государства, профессионализм",Респондентка демонстрирует типичную для российского среднего класса позицию: ожидание социальной поддержки от государства сочетается с признанием ограниченности ресурсов и необходимости платных услуг.,декларация,государственная система здравоохранения,,,
2,"Взрослая жизнь, семейный этап",Отношение к вакцинации,"Вакцинацию считает полезной, но отмечает возможные риски и необходимость учитывать противопоказания.","Ну, вакцинация на самом деле хорошая вещь с одной стороны, но сила вновь чревата последствиями.",Осторожный оптимизм,"Здравый смысл, осторожность, забота о здоровье","Отражает распространённую в обществе двойственность отношения к вакцинации: признание пользы, но и опасения по поводу побочных эффектов.",декларация,,,,
3,"Взрослая жизнь, семейный этап",Практики обращения к медицинским услугам,"Обращается к врачам только по необходимости, избегает лишних визитов, предпочитает профилактические осмотры по требованию.","Стараюсь, конечно, не сотрудничать, потому что не очень люблю, конечно, больницы.","Сдержанность, рациональность","Самостоятельность, экономия времени","Преобладает стратегия минимизации контакта с медициной, характерная для людей с базовым доверием к системе, но без избыточной тревожности.",эпизод,поликлиника,,,
4,"Взрослая жизнь, семейный этап",Оценка качества медицинской помощи,"В целом довольна медицинской помощью, негативных случаев не было, отмечает дружелюбие врачей. Единственный эпизод — сложности с приёмом при лёгком заболевании, но в итоге помощь была оказана.","Ну и то мне тогда помогли все равно. Когда у меня там возникла температура... они сказали, ой, у нас только тяжелые случаи... Но, по-моему, в тот день я добилась, что меня все-таки приняли.","Умеренное удовлетворение, настойчивость","Упорство, самостоятельность, справедливость","Респондентка демонстрирует активную позицию в защите своих прав, но в целом не склонна к конфликтам с системой.",эпизод,,,,
5,"Взрослая жизнь, семейный этап",Финансовая доступность медицины,"Считает стоимость лечения высокой, предпочитает не обращаться лишний раз. Кредитов на лечение не брала.","Ну, я думаю, что стоимость лечения дороговата. То есть, если ты пойдешь в аптеку, в принципе, ты должен купить на тысячу, полторы, две.","Ограниченность, прагматизм","Экономия, финансовая осторожность","Высокая стоимость медицины воспринимается как фактор ограничения доступа, что типично для семей с ограниченным бюджетом.",декларация,,,,
6,"Взрослая жизнь, семейный этап",Эмоциональное состояние и стресс,"В целом чувствует себя уравновешенно, иногда испытывает усталость и стресс, но не тревогу или подавленность.","Позитивное, хорошее состояние. Без резких эмоциональных сквелетков, без серик. Уравновешенное в целом.","Позитив, спокойствие","Стабильность, эмоциональное равновесие",Респондентка демонстрирует высокий уровень саморегуляции и адаптации к стрессу.,декларация,,,,
7,"Взрослая жизнь, семейный этап",Стратегии совладания со стрессом,"Справляется со стрессом с помощью спонтанных покупок, прогулок, вкусной еды.","Ну, стараюсь что-то, допустим, себе купить. Там, из одежды, например. Ну, то есть, какой-то спонтанный шопинг, да, мне помогает.","Прагматизм, легкая ирония","Забота о себе, поиск удовольствий",Использование потребления как способа снятия стресса типично для городских жителей среднего класса.,эпизод,,,,
8,"Взрослая жизнь, семейный этап",Отношение к психологической помощи,"Позитивно относится к психологической помощи, но сама не обращалась даже в кризис, считая это дорогим и предпочитая справляться самостоятельно.","Даже в этот момент, когда у меня был кризис, депрессия конкретная, я почему-то не посчитала важным обратиться за помощью.","Самостоятельность, легкая неуверенность","Самопомощь, экономия, рациональность","Распространённая установка: признание пользы психологов, но барьер в виде стоимости и ориентация на самостоятельное преодоление трудностей.",узел,,,,
9,"Взрослая жизнь, семейный этап",Забота о близких,"Переживает за здоровье родственников, старается поддерживать их эмоционально, но пока не приходилось брать на себя уход или сопровождение.","Ну, я стараюсь все равно больше не в переживании уйти, а как-то вот в поддержку, и чтобы их самих приободрить.","Забота, ответственность","Семейственность, поддержка","Роль эмоционального опекуна в семье, характерная для женщин в зрелом возрасте.",эпизод,,,,
10,"Взрослая жизнь, семейный этап",Отношение к здоровью в будущем,"Не склонна задумываться о здоровье на перспективу, предпочитает решать вопросы по мере поступления.","Пока на перспективу не особо думаю, скажем так.","Беззаботность, легкая тревога","Жизнь здесь и сейчас, практичность",Отсутствие долгосрочного планирования здоровья типично для людей без хронических заболеваний и с ограниченными ресурсами.,декларация,,,,
11,"Взрослая жизнь, семейный этап",Ощущение ресурсного запаса,"Чувствует, что стала выносливее после пережитых трудностей, уверена в способности справляться с будущими проблемами.","мой запас срочности, выносливости, да, скажем так, он увеличился, и я понимаю, что, ну, нормально будет, даже если будет там, капец, плохо, то все равно как-нибудь выйдем из этой ситуации.","Уверенность, спокойствие","Стойкость, адаптивность",Формирование внутреннего ресурса через преодоление кризисов — важный элемент биографического самоощущения.,перелом,,,,
12,"Взрослая жизнь, семейный этап",Финансовое положение семьи,"Оценивает уровень дохода как средний, на крупные покупки нужно копить, ипотеку потянуть сложно.","Ну, средний уровень достатка. То есть на что-то большое не хватит, но если поднакопить, то можно и большое что-то купить.","Реализм, умеренное недовольство","Стабильность, прагматизм",Финансовое самоощущение типично для семей с двумя работающими взрослыми и детьми.,декларация,,ипотека в планах,,частичное
13,"Взрослая жизнь, семейный этап",Структура доходов и отношение к неофициальной занятости,"Основной доход — официальная работа, вторая работа неофициальная. К серым зарплатам относится положительно, считает их необходимостью для выживания малого бизнеса.","Ну, нормально, на самом деле, классно. ... Просто, ну, тогда половина бизнесов просто, ну, как бы развалится, и все.","Прагматизм, оправданность","Гибкость, выживание, адаптация",Легитимация неформальной занятости как вынужденной меры — характерная черта российского рынка труда.,декларация,,,,официальная и неофициальная занятость
14,"Взрослая жизнь, семейный этап",Расходы и экономические стратегии,"Основные расходы — питание, жильё, отдых. Приходится экономить ради накоплений на ипотеку, в первую очередь сокращают расходы на отдых и покупают стандартные продукты.","Вот, мы сейчас, говорю, собираем на ипотеку, поэтому мы немножко экономим, да.","Рациональность, умеренное напряжение","Целеустремлённость, экономия",Стратегия экономии ради крупной покупки (жилья) типична для молодых семей.,эпизод,,накопление на ипотеку,,
15,"Взрослая жизнь, семейный этап",Потребительские привычки и отношение к покупкам,"Планирует покупки, избегает спонтанных трат, положительно относится к скидкам, но осторожна из-за риска купить ненужное.","Но скидки на самом деле тоже помогают делать спонтанные покупки, которые я не люблю делать.","Осторожность, рациональность","Планирование, самоконтроль",Потребительское поведение ориентировано на рациональность и минимизацию импульсивных расходов.,декларация,,,,
16,"Взрослая жизнь, семейный этап",Покупки на маркетплейсах,"Покупает на Wildberries, но нечасто, предпочитает искать нужные вещи по выгодной цене. Одежду не покупает онлайн.","Вот на вайбрис я в основном только то, что вот, допустим, ну, в общем, что-то нужно, да, и ты понимаешь, что в магазине это будет дороже, надо посмотреть на вае близко, как будет стоить.",Прагматизм,"Экономия, целенаправленность",Использование маркетплейсов как инструмента экономии и поиска выгодных предложений.,эпизод,,,,онлайн-покупки
17,"Взрослая жизнь, семейный этап",Отношение к брендам и качеству,"Бренды не важны, главное — качество товара. Ориентируется на собственный опыт и тестирование.","Ну, в последнее время мне бренды не важны, мне важно качество товара, вот скажем так.",Рациональность,"Качество, самостоятельность",Сдвиг от статуса к функциональности в потреблении.,декларация,,,,
18,"Взрослая жизнь, семейный этап",Крупные покупки и принятие решений,"Крупные покупки обсуждаются с мужем, планируются заранее, возможна экономия на других статьях расходов.","Совместно все равно с мужем я принимаю. И плюс это подразумевает, что где-то мы должны сэкономить, урезать, чтобы сделать такую покупку.","Партнёрство, рациональность","Семейность, планирование",Коллективное принятие решений в семье — типичная стратегия для крупных расходов.,эпизод,,,,
19,"Взрослая жизнь, семейный этап",Отношение к кредитам,"Раньше пользовалась кредитами, сейчас избегает, не любит чувство долга.","Ну, пользовалась раньше, но вообще не очень люблю кредиты, потому что, ну, все равно ты понимаешь, что ты кому-то должен, и это тоже, ну, как бы не очень приятно, скажем так.","Неприязнь, осторожность",Финансовая независимость,Отказ от кредитов как стратегия снижения финансового стресса.,декларация,,,,
20,"Взрослая жизнь, семейный этап",Организация повседневных покупок,"Покупки продуктов осуществляются совместно с мужем, закупки раз в неделю, доставка не используется из-за негативного опыта.","В основном закупаемся, но раз в неделю мы ездим на седанку, сити, у нас есть магазин большой. ... доставку Я как-то пока не практикую.","Рациональность, недоверие к сервисам","Семейность, самостоятельность","Преобладание традиционных форм закупки, недоверие к доставке из-за плохого опыта.",эпизод,,,,
1,"Взрослая жизнь, семейный быт",Покупка готовой еды и отношение к расходам,"Респондентка предпочитает покупать готовую еду, когда занята или не хочет готовить. При этом старается выбирать более бюджетные варианты, если нужно экономить.","Я люблю покупать готовую еду. Особенно, когда, допустим, понимаешь, что вечер у тебя будет интересный, какой-то занятостью, или, например, бывает просто лень готовить, да, тоже такое бывает у женщин, наверное, у всех.","спокойствие, практичность","комфорт, рациональность, экономия","Потребительское поведение респондентки отражает типичный для городских жителей баланс между удобством и экономией. Покупка готовой еды становится частью повседневной рутины, особенно для занятых женщин.",эпизод,,,1.0,покупка готовой еды
2,"Взрослая жизнь, забота о детях и образовании",Отношение к платному образованию,"Респондентка позитивно относится к платному образованию, считая, что оно расширяет возможности для получения знаний и опыта, особенно если не удалось поступить на бюджет.","Вообще хорошо я отношусь к платному образованию, потому что вот репетиторы, допустим, хорошо бывает, помогают подготовиться ученикам, чем даже учитель...","позитив, прагматизм","образование, индивидуальный подход, возможности","Платное образование воспринимается как инструмент социальной мобильности и индивидуального развития, что характерно для семей с ориентацией на успех детей.",декларация,"образовательные учреждения, репетиторство",,1.0,
3,Семейная жизнь,Финансовые разногласия в семье,"В семье респондентки случаются споры по поводу трат, но они умеют находить компромиссы.","Ну, бывает мы спорим, кто куда чего потратит. Но в целом мы находим компромисс вот так.","спокойствие, уверенность","компромисс, семейная гармония","Финансовые вопросы — частая причина споров в семьях, однако способность к компромиссу свидетельствует о зрелых отношениях.",эпизод,,,1.0,
4,"Взрослая жизнь, профессиональное самоопределение",Гендерные роли и карьера,"Респондентка считает, что мужчина должен обеспечивать семью, но не согласна с тем, что женщина обязана строить карьеру — это индивидуальный выбор.","То, что мужчина должен обеспечить семью, как говорится, это вообще, ну, самый важный постулат, наверное... А кому-то и домохозяйкой может хорошо быть его предназначение.","размышление, уважение к разным позициям","традиционные ценности, индивидуализм, свобода выбора","Видна ориентация на традиционные гендерные роли, но с уважением к разнообразию женских стратегий — от карьеры до домохозяйства.",декларация,,,1.0,
5,Взрослая жизнь,Отношение к деньгам,"Деньги для респондентки — это, прежде всего, возможности для улучшения жизни. Она отмечает, что с ростом дохода растут и потребности.",Деньги – это возможности. Потому что для меня деньги – это равно возможности.,"прагматизм, реализм","материальное благополучие, развитие, комфорт","Деньги воспринимаются как инструмент для реализации желаний и повышения качества жизни, что типично для среднего класса.",декларация,,,1.0,
6,Переход от студенчества к взрослой жизни,Достаточность дохода и материальные ожидания,"Респондентка отмечает, что доход всегда кажется недостаточным, вне зависимости от возраста и жизненного этапа.","Что мне тогда, когда я студентка, было 20 тысяч недостаточно. Сейчас я взрослый человек, мне моего дохода недостаточно.","ирония, реализм","развитие, стремление к лучшему",Постоянное ощущение нехватки дохода отражает динамику потребностей и ожиданий в современном обществе.,узел,,,1.0,
7,Взрослая жизнь,Связь счастья и денег,"Респондентка считает, что счастье и деньги не тождественны, но для комфортной жизни необходим доход в 2-3 раза выше текущего.","Ну, вообще счастье и деньги не совсем, мне кажется, тождественные понятия, скажем так.","размышление, умеренность","достаток, счастье, баланс",Отделение понятий счастья и материального достатка характерно для зрелого взгляда на жизнь.,декларация,,ипотека,1.0,
8,Взрослая жизнь,Взаимодействие с государственными органами,"Респондентка в целом позитивно оценивает опыт взаимодействия с госорганами, особенно отмечая удобство электронных сервисов.","Особенно мне нравится сейчас то, что появились госуслуги. Это значительно упрощает нашу жизнь, на мой взгляд.",удовлетворение,"удобство, справедливость, честность",Рост цифровизации госуслуг воспринимается как значительное улучшение качества жизни.,эпизод,госуслуги,,1.0,
9,Семейная история,Опыт семьи с полицией,"Отец респондентки работал в полиции, но сама она и ее семья стараются избегать обращений в полицию, чтобы не сталкиваться с разбирательствами.","У меня папа в полиции раньше служил, скажем так. Но сами в полицию мне обращались. И да и бог не обратимся.","настороженность, нежелание вовлекаться","спокойствие, избегание конфликтов","Даже при наличии семейных связей с полицией, обращение в органы воспринимается как крайняя мера, связанная с дискомфортом.",эпизод,полиция,,1.0,
10,Взрослая жизнь,Опыт с мошенничеством,"Респондентка сталкивалась с мошенничеством, но на небольшие суммы и не обращалась в полицию, чтобы не тратить время и нервы.","Ну да, просто я вот как-то не хочу вот это вот, ну, какие-то разбирательства, выяснения, дачи показаний.","раздражение, усталость","экономия времени, спокойствие",Нежелание обращаться в полицию даже при столкновении с мошенничеством — индикатор недоверия к эффективности системы.,эпизод,,,1.0,
11,Взрослая жизнь,Опыт судебных разбирательств,"Судебный опыт связан с бытовым конфликтом с соседями, который удалось разрешить минимальными усилиями. В целом суды воспринимаются как неприятная, но иногда необходимая процедура.","Если ты обвиняемый, вообще не хочется. Если ты хочешь какое-то свое право отстоять, да, тоже не очень приятно...","неудовольствие, прагматизм","справедливость, минимизация стресса","Суды воспринимаются как вынужденная мера, связанная с бюрократией и стрессом.",эпизод,суд,,1.0,
12,Взрослая жизнь,Отношение к армии и СВО,"Армия ассоциируется с защитой, но и с военными действиями, которые респондентка воспринимает негативно. Война затронула знакомых респондентки.","С одной стороны, армия это защита Родины, но... Когда попадаешь в реальные военные действия, ничего от этого хорошего нет.","тревога, сочувствие","мир, безопасность","Война воспринимается как трагедия, даже если не затронула напрямую, что отражает общий социальный фон.",узел,армия,,1.0,
13,Взрослая жизнь,Отношение к налоговым органам,"Респондентка отмечает высокую налоговую нагрузку, особенно для малого бизнеса, и воспринимает это как тяжелое обязательство.","С одной стороны, хорошо относишься, но с другой стороны, сколько много налогов приходится оплачивать. И каждый раз как сидишь и плачешь.","раздражение, усталость","справедливость, экономическая свобода","Высокая налоговая нагрузка — типичная жалоба малого бизнеса, отражающая амбивалентное отношение к государству.",декларация,налоговая,,1.0,малый бизнес
14,Студенчество,Опыт получения социальной помощи,"Во время учебы респондентка пользовалась социальной поддержкой (бесплатный проезд), что оставило позитивное впечатление.","Когда мы были в университете, нам давали бесплатный проезд или что-то такое...",благодарность,"социальная поддержка, справедливость",Социальные льготы для студентов воспринимаются как реальная помощь и формируют позитивное отношение к государству.,эпизод,социальная поддержка,,1.0,
15,Взрослая жизнь,Отношение к кредитам и коллекторам,"Респондентка опасается брать кредиты из-за страха просрочек и потери имущества, хотя понимает необходимость взыскания долгов для банков.","Не хочется брать кредитит повторно, потому что внутри ощущение, что ты должен кому-то, а не дай бог ты просрочишь, и тебя заберут половину твоего имущества...","тревога, осторожность","финансовая независимость, безопасность",Страх перед кредитами и коллекторами характерен для людей с опытом или знанием негативных последствий долгов.,декларация,,,1.0,
16,Взрослая жизнь,Оформление документов и цифровизация,"Респондентка положительно оценивает цифровые сервисы для оформления документов, отмечая их удобство и скорость.","Очень сильные, хорошие сайты, которые помогают вот этим документам оформить быстро, в электронной части оформить...",удовлетворение,"удобство, технологичность",Цифровизация госуслуг воспринимается как значительное улучшение качества жизни и снижения бюрократии.,эпизод,"МФЦ, госуслуги",,1.0,
17,Взрослая жизнь,Доверие к государственным органам,"Доверие к государственным органам среднее, с акцентом на их ограничительную функцию (взыскание налогов, штрафов), а не на поддержку.",Больше у нас конечно органы государственной власти они именно как взыскивают людей либо налоги по кредитам либо за правонарушение...,"скепсис, умеренность","справедливость, независимость",Восприятие государства как карательного органа типично для постсоветского пространства.,декларация,,,1.0,
18,Взрослая жизнь,Власть и политика,"Респондентка позитивно оценивает региональную власть за реальные улучшения, но федеральную власть оценить затрудняется. К политике интереса не проявляет, считая это мужской сферой.","В основном, ну, особенно в нашем городе, да, стараются принимать какие-то хорошие решения у нас. ... Политика больше для мужчин, я в это не сильно интересуюсь...","безразличие, умеренный позитив","прагматизм, локальный патриотизм","Локальная власть воспринимается ближе и понятнее, чем федеральная; политическая апатия типична для женщин среднего возраста.",декларация,,,1.0,
19,Взрослая жизнь,Отношение к войне и международной политике,"Респондентка выступает за скорейшее окончание войны, считает, что конфликт разрушает обе стороны. Внутреннюю политику оценивает частично положительно (импортозамещение, инфраструктура).","Я считаю, что больного уже нужно прекратить, но это, говорю, мое личное мнение, да, вот постараться найти какой-то компромисс между сторонами...","тревога, усталость","мир, развитие, независимость",Позиция за мир и компромисс отражает усталость общества от конфликта и ориентацию на внутреннее развитие.,декларация,,,1.0,
20,Взрослая жизнь,Отношение к выборам и монополиям,"Респондентка считает, что выборы формальны, а монополия государства в некоторых сферах имеет как плюсы, так и минусы.","На самом деле уже, как говорится, все решено в плане того, что люди уже просто выбирают тех, кто уже сейчас работает по привычке, мне кажется.","скепсис, равнодушие","справедливость, прагматизм",Недоверие к институту выборов и амбивалентное отношение к монополиям типично для зрелых россиян.,декларация,,,1.0,
21,Взрослая жизнь,Социальная политика государства,"Респондентка позитивно оценивает социальную политику, но отмечает недостаточность поддержки и высокий уровень стресса на работе.","Государство поддерживает стариков, военнослужащих, это тоже хорошо. Какие-то категории населения тоже нет.","умеренный позитив, критичность","социальная справедливость, забота",Ожидание большей поддержки от государства характерно для работников бюджетной сферы.,декларация,,,1.0,
22,Взрослая жизнь,Использование цифровых технологий и соцсетей,"Респондентка активно использует мессенджеры и профессиональные соцсети, но не увлекается блогами и развлекательными платформами.","Ну, мне нравятся телеграммы, ватсап, больше всего их использую... А вот блоги, тематические сообщества, соцсети – Ну, я как-то не особо в тебя, только профессионально...","удовлетворение, умеренность","практичность, профессионализм",Использование цифровых технологий преимущественно для коммуникации и профессионального развития.,эпизод,,,1.0,
23,Взрослая жизнь,Отношение к искусственному интеллекту,"Респондентка положительно относится к ИИ и чат-ботам, но считает, что полностью заменить людей они не смогут. Опасения связаны с сокращением рабочих мест.","Чат-боты тоже хорошая идея, потому что где-то помогает экономить время. Но оператор иногда очень нужен...","умеренный оптимизм, осторожность","технологичность, критическое мышление",Ожидание технологических изменений сочетается с опасениями по поводу рынка труда.,декларация,,,1.0,
24,"Взрослая жизнь, профессиональная деятельность",Влияние цифровых технологий на детей и семью,"Респондентка отмечает, что дети и взрослые проводят много времени за гаджетами, что становится причиной конфликтов в семье.",Потому что даже на уроках очень сложно детей оттащить от компьютера. И люди сейчас просто действительно после новых телефонов в компьютерах сидят.,"беспокойство, раздражение","баланс, семейные отношения",Проблема цифровой зависимости становится актуальной для семей с детьми школьного возраста.,эпизод,,,1.0,
1,"настоящее, прошедший год",Влияние событий года на личную жизнь,"Респондент отмечает, что экологическая катастрофа в Черном море произвела на нее впечатление, но практически не повлияла на ее повседневную жизнь, кроме появления небольшой эко-привычки. Также упоминает юбилей школы как необычное, но незначимое событие.","Ну, вот меня затронуло, конечно, что было в Черном море, да, вот экологическая катастрофа. Просто она меня затронула, что много животных умерло, да. Но на мой ужас, конечно, это никак не повлияло, ну, потому что... Ну, только единственное, как бы, больше, что... Меньше страшно мусора выкидывать.","легкая тревога, сочувствие, равнодушие к переменам","экологическая ответственность, эмпатия, привычка к стабильности","Респондент демонстрирует дистанцированное отношение к крупным общественным событиям, отмечая их эмоциональное воздействие, но отсутствие реальных изменений в собственной жизни. Это типично для людей, чья повседневность мало зависит от внешних катастроф.",эпизод,школа (юбилей),,0.0,
2,"настоящее, прошедший год",Общее восприятие изменений за год,"Респондент оценивает прошедший год как немного улучшившийся, но без существенных перемен. Эмоциональное состояние осталось стабильным.","Ну, мне кажется, что чуть-чуть лучше стало, но не насильно. Это практически не изменилось вот так.","спокойствие, умеренный оптимизм","стабильность, спокойствие",Склонность к умеренной оценке перемен и отсутствие резких эмоциональных колебаний свидетельствуют о внутренней устойчивости и адаптивности.,декларация,,,0.0,
3,настоящее и ближайшее будущее,Планы и ожидания на будущее,"Респондент строит планы, связанные с улучшением материального положения (ипотека, рост дохода), развитием бизнеса и успехами учеников. Делит цели на краткосрочные (3 года) и долгосрочные (5 лет).","Я жду, что мы все-таки сможем взять ипотеку, что уровень дохода повысится. Хотелось бы, что проект, который мы сейчас делаем по бизнесу, он разовьется. Ученики Будет больше благодарных учеников, да, будут более высокие у них результаты по экзаменам, по каким-то мероприятиям.","умеренный оптимизм, надежда","материальное благополучие, профессиональное развитие, ответственность за учеников","Планы респондента отражают типичные для среднего класса ценности: стремление к финансовой стабильности, профессиональному росту и улучшению качества жизни через образование.",узел,,ожидание покупки жилья в ипотеку,0.0,планирует участие в ипотечном рынке
4,настоящее и будущее,Контроль над жизнью и источники изменений,"Респондент считает, что успехи и перемены зависят в первую очередь от собственных решений и действий, а не от внешних обстоятельств.","Я думаю, конечно, это будет больше зависеть от моих решений, потому что надеяться на манну небесную, наверное, не приходится.","уверенность, самостоятельность","самостоятельность, активность, вера в личную ответственность","Высокий уровень внутреннего локуса контроля — респондент приписывает успехи и неудачи собственным усилиям, что характерно для людей с активной жизненной позицией.",декларация,,,0.0,
5,"рефлексия, итог разговора",Жизненные ценности,"Респондент формулирует свои ключевые ценности: саморазвитие, активность, семья, поддержка, здоровье, материальное благополучие.","Важно саморазвитие, активность, семья тоже важна, поддержка друг друга, хорошее здоровье, материальное благополучие.","уверенность, спокойствие","саморазвитие, семья, здоровье, материальное благополучие","Набор ценностей типичен для представителей среднего класса, ориентированных на личностный рост и семейное благополучие.",декларация,,,0.0,
6,"рефлексия, самоопределение",Самоопределение и личные качества,"Респондент определяет себя как активного, инициативного человека, стремящегося к улучшениям и новым опытам.","Я активный, инициативный человек, пробующий что-то новое, стараюсь улучшить какие-то процессы.","уверенность, самоуважение","активность, инициативность, стремление к развитию",Самоопределение через активность и инициативу свидетельствует о внутренней мотивации и ориентации на изменения.,декларация,,,0.0,
7,"рефлексия, оценка жизненного пути",Оценка жизненного пути,"Респондент воспринимает свою жизнь как путь с взлетами и падениями, но без драматизации.",Со смётными падениями.,"ирония, спокойствие","реализм, принятие жизненных трудностей",Лаконичная ироничная формулировка указывает на зрелое отношение к жизненным трудностям.,декларация,,,0.0,
8,"рефлексия, отношение к страхам",Страхи и отношение к ним,"Респондент отмечает, что страхов как таковых уже нет, считает, что нужно больше действовать, чтобы добиться успеха.","Ну, наверное, страхов уже как бы-то каковых нет. Просто надо больше действовать, мне кажется, и потихоньку все раскачается, и все равно должно как-то получиться, я думаю.","уверенность, спокойствие","действие, вера в успех, отсутствие страха",Преодоление страхов через активность — характерная стратегия для людей с внутренней мотивацией.,декларация,,,0.0,
9,"рефлексия, итог интервью",Рефлексия над интервью,"Респондент отмечает, что было интересно проанализировать свою жизнь в ретроспективе, что обычно не делает этого.","Ну, было интересно все равно посмотреть, проанализировать такую ретроспективу, да, сделать, потому что, ну, обычно же ты так не анализируешь никогда, только как-то вспоминаешь события, так, конечно, было интересно.","интерес, удовлетворение","рефлексия, самоанализ","Интервью становится для респондента инструментом саморефлексии, что может способствовать личностному росту.",эпизод,,,0.0,
010,завершение интервью,Общее эмоциональное состояние,"Респондент чувствует удовлетворение после разговора, не испытывает потребности что-то добавить.","Ну, в целом удовлетворенное состояние.","удовлетворение, спокойствие","гармония, завершенность",Позитивное завершение интервью свидетельствует о доверии к исследователю и внутренней гармонии респондента.,декларация,,,0.0,
