id,life_stage,theme,summary,quote,emotion,values,sociological_note,type,institution,housing_promised,market_participation,collapse_context
1,Детство и юность,"Жизнь в интернате, отношения с семьёй и сверстниками","Респондентка родилась в Ивановской области, с третьего по десятый класс жила в интернате, поддерживала тёплые отношения с родителями и до сих пор их любит. В интернате сложились крепкие дружеские связи, которые сохраняются до сих пор. Воспоминания о детстве наполнены позитивом, чувством защищённости и коллективизма.","Мы были одна семья, мы до сих пор одна семья. Когда мы встречаемся, у нас каждый год, кстати, проходят встречи, вот мы встречаемся все интернатские, мы едем на Волгу, мы делаем звук, мы поем песни около костра, то есть мы одна семья.","Тёплый, ностальгический, благодарный","Дружба, коллективизм, семейные узы, поддержка, защищённость","Опыт жизни в интернате сформировал у респондентки сильную потребность в коллективной поддержке и чувство принадлежности к группе. Несмотря на разлуку с родителями, эмоциональная связь с ними не ослабла. Социальные связи, установленные в детстве, сохраняются на протяжении всей жизни.",эпизод,школа-интернат,0.0,False,
2,"Переход к самостоятельности, ранняя взрослость","Образование, переезд, начало трудовой деятельности","После окончания школы респондентка поступила в экономический техникум, стремилась к самостоятельности и финансовой независимости. По распределению переехала в Нижний Новгород, где начала трудовую деятельность и построила карьеру в одной организации, дойдя до должности главного бухгалтера.","Хотелось быть самостоятельной, зарабатывать деньги. Поступила легко, отучилась. Два с половиной года по распределению приехала в город, ныне Нижний Новгород.","Уверенность, целеустремлённость","Самостоятельность, трудолюбие, профессионализм, стабильность","Поколенческий опыт распределения после учёбы и построения карьеры в одной организации типичен для советского и постсоветского времени. Стремление к самостоятельности и финансовой независимости отражает ценности поколения, выросшего в условиях ограниченного выбора.",эпизод,"экономический техникум, распределение, трансагентство",0.0,True,
3,"Семейная жизнь, материнство","Создание семьи, рождение дочери, первые трудности","Вышла замуж, родила дочь. Первое время жила с родителями мужа, затем приняла решение жить отдельно, сняли квартиру. Испытывала трудности с жильём и детским садом, три года не работала, полностью посвятив себя ребёнку. Ожидание получения собственной квартиры.","Я вечером пошла гулять и приняла решение, что я не могу с ними жить... И мы с мужем ушли на эту квартиру. И жили, сейчас скажу сколько, пять с половиной лет мы жили на квартире. Мы снимали квартиру, мы ушли от родителей, мы самостоятельно жили.","Решимость, тревога, ответственность","Семейная самостоятельность, забота о ребёнке, независимость",Переход к самостоятельной жизни после брака и рождение ребёнка сопровождаются типичными для эпохи трудностями с жильём и детскими учреждениями. Ожидание получения квартиры по очереди — характерная черта советской и постсоветской действительности.,перелом,,1.0,False,
4,Профессиональная реализация и перемены,"Карьера, профессиональный рост, кризисы 90-х","Работала в одной организации с 1983 по 2003 год, прошла путь от кассира до главного бухгалтера. После банкротства предприятия перешла в другую организацию. Испытывала трудности и конфликты на работе, особенно в 90-е годы.","Пришла туда кассиром, ушла главным бухгалтером в этой организации... Благополучно трансагентство обанкротилось, и я перешла работать в другую организацию.","Гордость, стресс, адаптация","Профессионализм, устойчивость, адаптивность","Долгая работа на одном месте и последующий вынужденный переход — типичный опыт для людей, чья трудовая биография пришлась на переломные 90-е годы. Испытания, связанные с экономическими кризисами, усилили ценность стабильности и профессионализма.",узел,"трансагентство, бухгалтерия",,True,
5,"Зрелость, современный этап жизни","Пенсия, работа на удалёнке, семейные и личные интересы","На пенсии продолжает работать бухгалтером на удалёнке в продуктовом магазине. Много времени посвящает внучке, поддерживает отношения с дочерью, мужем, родственниками. Активно путешествует по России, занимается досугом, любит природу, животных, театр.","Основную часть, конечно, большую часть своего времени и работы я посвящаю ей (внучке). Для меня важно сейчас видеть, как она растет.","Удовлетворение, радость, забота","Семья, забота о близких, активная жизнь, любовь к природе","Современный этап жизни респондентки характеризуется гармоничным сочетанием работы, семейных обязанностей и личных интересов. Пенсионный возраст не стал концом профессиональной деятельности, а семейные связи и досуг приобрели особую ценность.",эпизод,"пенсия, удалённая работа, продуктовый магазин",,True,
6,Детство и юность,"Внеклассная жизнь, досуг, первые чувства","В интернате активно участвовала в спортивных и творческих мероприятиях, играла в волейбол, лыжи, участвовала в 'Зорнице', вечерах у костра. Первые романтические чувства возникли в младших классах, но отношения были платоническими и дружескими.","Мы ходили за ручку, но у нас не было таких отношений, как у нас сейчас молодёжь. То есть мы ходили за ручку, мы гуляли, мы ходили на реку, мы плавали на льдине.","Радость, лёгкая ностальгия","Дружба, романтика, активность, коллективизм","Воспоминания о детских и подростковых годах наполнены коллективными играми, совместным досугом и первыми романтическими переживаниями. Это формирует у респондента позитивное отношение к коллективной деятельности и межличностным отношениям.",эпизод,"школа-интернат, кружки, спортивные секции",,False,
7,Молодость,"Первые взрослые отношения, выбор жизненного пути","Первые серьёзные отношения возникли в техникуме, но респондентка выбрала самостоятельность и осталась в Нижнем Новгороде, отказавшись от предложения выйти замуж и переехать в другой город. Позже встретила будущего мужа, с которым сложилась крепкая семья.","Я познакомилась с молодым человеком, который предложил мне сразу выйти замуж, но я не смогла. Мне хотелось ещё побыть в Нижнем Новгороде...","Осознанность, самостоятельность","Самостоятельность, свобода выбора, любовь","Выбор остаться в большом городе и строить свою жизнь самостоятельно, а не следовать за партнёром, отражает тенденцию к индивидуализации и самостоятельности среди женщин поколения респондентки.",перелом,техникум,,False,
8,"Семейная жизнь, зрелость","Роль семьи, забота о родителях и родственниках","Поддерживает тесные отношения с сёстрами и братом, регулярно собираются у матери, особенно на праздники. Активно заботится о пожилой матери, организует медицинскую помощь, координирует уход вместе с родственниками.","Много времени уделяю своей маме, потому что мама достойный возраст, 80 лет. И как бы не было печально, я понимаю, что её уход неизбежен, поэтому мы стараемся все четверо детей поддерживать её здоровье.","Забота, тревога, благодарность","Семейная сплочённость, уважение к старшим, ответственность","Забота о пожилых родителях и поддержка между взрослыми детьми — важная часть семейной культуры, особенно в российских регионах. Это усиливает межпоколенческие связи и формирует чувство долга и ответственности.",эпизод,"семья, медицинские учреждения",,False,
9,Зрелость,"Досуг, путешествия, любовь к природе и животным","Активно путешествует по России, особенно по Золотому кольцу и Нижегородской области, любит природу, рыбалку, прогулки, театр. Держит домашних животных, занимается садоводством ради семьи, хотя не считает это своим призванием.","Люблю Нижний Новгород. У нас он красивый, сейчас ухоженный, чистый, прекрасный, исторический. Люблю ходить пешком. Люблю наш район Соросовский, потому что там сейчас очень ухоженные парки.","Вдохновение, радость, умиротворение","Активный образ жизни, любовь к природе, семейные традиции","Досуг и путешествия становятся важной частью жизни в зрелом возрасте, особенно после выхода на пенсию. Привязанность к родному городу и региону, а также любовь к природе и животным — характерные черты для респондентов с устойчивыми семейными и локальными связями.",декларация,"местные сообщества, культурные учреждения",,True,
10,"Семейная жизнь, кризисы",Экстремальные и трудные жизненные ситуации,"Вспоминает трудности 90-х: потеря карточек на продукты, финансовые сложности, отсутствие работы из-за невозможности устроить ребёнка в детский сад, муж постоянно на подработках. Испытывала чувство ущемлённости и усталости, но справлялась с поддержкой семьи.","Экстремальные ситуации были и с мужем. Постоянно на работе его антенщик в городе, его подработки в семье. Три года я не работала, сидела с ребёнком, садика не было. И, конечно, как бы себя немножко чувствовала в ущемлённом плане, хотелось работать.","Стресс, усталость, благодарность за поддержку","Выносливость, поддержка семьи, адаптация","Экономические потрясения 90-х годов, нехватка детских учреждений и нестабильность доходов — типичные проблемы для семей того времени. Семейная поддержка и взаимопомощь помогали справляться с трудностями.",эпизод,"семья, социальные службы",,False,
1,"Зрелость, семейная жизнь и работа",Ведение подсобного хозяйства и поддержка семьи в трудные времена,"В период экономических трудностей семья респондентки активно занималась подсобным хозяйством: выращивали животных, помогали свекрови, строили дачу. Это позволяло обеспечивать себя продуктами и поддерживать друг друга.","У нас там было целое хозяйство подсобное. То есть она этим занималась, мы этим помогали. У нас было 100 кроликов, они голодали.","Сдержанная гордость, ностальгия, легкая грусть","Семейная взаимопомощь, трудолюбие, самостоятельность","Подсобное хозяйство как стратегия выживания в условиях экономической нестабильности, характерная для постсоветского пространства. Важна роль старших женщин в семье и коллективная поддержка.",эпизод,"семья, рынок, бухгалтерия",0.0,"покупка животных на рынке, выращивание продуктов",
2,"Зрелость, профессиональная деятельность","Работа в трансагентстве, приватизация и банкротство предприятия","Респондентка прошла путь от билетного кассира до заместителя главного бухгалтера и главного экономиста крупного предприятия. Пережила период приватизации, банкротства и распада системы, что стало для нее тяжелым личным ударом.","Вот тогда было обидно. И печально, что это такое предприятие не смогло устоять на ногах. Сейчас вообще трансагентства в городе как такового нет.","Грусть, разочарование, сожаление","Профессионализм, преданность делу, коллективизм","История типична для поколения, столкнувшегося с распадом советских предприятий в 1990-е и начале 2000-х. Потеря работы воспринимается как личная трагедия и утрата смысла.",перелом,"трансагентство, биржа труда",,"аренда помещений, поиск новых источников дохода",
3,"Зрелость, социальные связи",Знакомство и дружба с Наташей,"После увольнения респондентка познакомилась с Наташей, которая стала близкой подругой и оказывала значительную поддержку на протяжении жизни.","Познакомились, продружили и дружим с ней всю жизнь с того момента. И она, конечно, сыграла важную роль в моей судьбе, потому что очень много по жизни ей помогала.","Благодарность, теплота, признательность","Дружба, взаимопомощь, доверие",Социальные связи и женская солидарность становятся опорой в периоды нестабильности. Дружба выходит за рамки формальных отношений и становится ресурсом выживания.,узел,неформальные социальные сети,,False,
4,"Зрелость, родительство",Материальная помощь подруги в трудной ситуации с кредитом,"Когда дочь респондентки попала в сложную финансовую ситуацию из-за разбитой в кредит машине, Наташа помогла закрыть кредит без процентов, проявив доверие и щедрость.","Наташа дала мне деньги и закрыла этот кредит. Ну, то есть она закрыла кредит, а мы давали ей деньги. То есть, понимаете, как это?","Облегчение, благодарность, доверие","Взаимовыручка, честность, доверие","В условиях слабых формальных институтов (банки, кредиты) неформальные отношения и взаимопомощь между друзьями и родственниками становятся альтернативой финансовым инструментам.",эпизод,"семья, неформальные финансовые практики",,"кредитование, покупка автомобиля",
5,Детство,Операция по удалению аппендицита в детстве,"В третьем классе респондентке удалили аппендицит в районной больнице. Операция прошла в сложных условиях, но она не испытывала страха благодаря поддержке семьи и религиозным установкам.","Врачи были пьяные, когда делали мне операцию. Я это никогда не забуду. Но я не боялась, потому что у меня были такие боли.","Удивление, стойкость, легкая ирония","Стойкость, вера, семейные традиции","Опыт советской медицины в провинции, религиозные практики как способ справляться со страхом и болью. Семейные и религиозные ценности закладываются с детства.",эпизод,"районная больница, семья",,False,
6,"Зрелость, здоровье",Удаление желчного пузыря во взрослом возрасте,Респондентка добровольно решилась на операцию по удалению желчного пузыря из-за проблем со здоровьем. Операция прошла с юмором и поддержкой врачей.,"Я говорю, я хочу спеть. Он говорит, ну, пойте. Я календарь перевернусь, и снова 3 сентября.","Легкость, юмор, принятие","Забота о здоровье, оптимизм, самостоятельность",Современные медицинские практики сочетаются с личной инициативой и позитивным отношением к трудностям.,эпизод,городская больница,,False,
7,"Настоящее, зрелость",Распорядок дня и повседневные практики,"Респондентка описывает свой распорядок дня: ранний подъем, забота о здоровье, домашние дела, помощь семье, регулярные прогулки, поддержание социальных связей и информационная активность.","Я просыпаюсь около шести, волшебный кот встает в пять-тридцать. То есть я по неволе судьбы иду кормить кота, ставлю чайник, пью стакан воды и питка, потому что у меня проблемы со здоровьем.","Спокойствие, удовлетворение, размеренность","Здоровье, порядок, семейные связи, самостоятельность","Повседневные практики зрелой женщины, сочетающей заботу о себе, семье и поддержание социальных связей. Важна роль рутин и самодисциплины.",декларация,"семья, неформальные социальные сети",1.0,"покупки, оплата счетов",
8,"Настоящее, зрелость",Отношение к отдыху и идеальный отпуск,"Респондентка предпочитает спокойный, малобюджетный отдых в гостевых домах с семьей и друзьями, самостоятельное приготовление пищи, прогулки и купание. Любит собирать грибы на родине и обмениваться дарами природы с подругой.","Идеальный отпуск, да просто мне не особо так скажем. У нас каждый отпуск проходит, в принципе, в одной системе. Мы ищем какой-то гостевой дом, причем мы не ищем какие-то гостиницы, в которых все включено. Мне не надо.","Спокойствие, удовлетворение, легкая ностальгия","Семейность, простота, самостоятельность, близость к природе","Отдых как продолжение семейных и дружеских практик, ориентация на простоту и самостоятельность, а не на массовый туризм.",декларация,"семья, неформальные сети, рынок гостевых домов",,"аренда жилья, обмен дарами природы",
1,Семейная жизнь в 1990-е годы,Конфликты в браке из-за алкоголизма супруга,"В начале 1990-х годов супруг респондентки злоупотреблял алкоголем, что приводило к частым конфликтам и даже мыслям о разводе. Ситуация постепенно изменилась после того, как респондентка вышла на работу и расширила круг общения.","Это были конфликты из-за того, что он злоупотреблял алкоголь... мне хотелось вообще развести, потому что я уйду...","Разочарование, усталость, тревога, затем облегчение","Семья, независимость, личное пространство, дружба","Ситуация типична для постсоветских семей, где бытовое пьянство мужчин и экономические трудности 1990-х годов приводили к семейным кризисам. Выход женщины на работу становится фактором стабилизации и расширения социальных связей.",перелом,,Переезд в квартиру свекрови после её выхода на пенсию,Переход от съемного жилья к проживанию в собственной квартире,
2,"Зрелость, взросление дочери",Изменения в семейных отношениях после замужества дочери,"После того, как дочь респондентки вышла замуж и стала жить отдельно, атмосфера в семье изменилась. Респондентка испытывала трудности с принятием нового статуса, но гордится выбором дочери.","Я сначала никак не могла привыкнуть, что её нет дома, что она у нас теперь живёт отдельно. Мне нравится моя дочь. Она мне сказала, мама, я выбрала отца для своих детей.","Грусть, гордость, принятие","Семейные связи, самостоятельность детей, материнская забота","Переход дочери во взрослую жизнь — важный этап для матери, связанный с переосмыслением собственной роли и семейной структуры. Подчеркивается значимость межпоколенческих отношений.",эпизод,"Высшее образование дочери (платное), брак",,,
3,"Зрелость, поддержание семейных традиций",Семейные традиции и праздники,"Семья респондентки регулярно собирается на праздники, особенно на религиозные и семейные даты, поддерживая традиции, заложенные старшими поколениями.","У нас семейная традиция всегда собираться все вместе у мамы в доме обязательно... 7 августа собираемся все вместе, всегда.","Тепло, гордость, ностальгия","Семейственность, преемственность, уважение к старшим, традиции",Семейные традиции выступают инструментом сплочения и передачи культурных норм между поколениями. Подчеркивается роль женщины как хранительницы семейных ритуалов.,узел,"Семейные праздники, религиозные традиции",,,True
4,"Зрелость, личная автономия",Ощущение одиночества и отношения к дому детства,"Респондентка не чувствует себя одинокой благодаря широкому кругу общения, но испытывает внутренний дискомфорт и тревогу, находясь в доме детства в деревне.","Я одна-то никогда не бываю... Хотя мне всегда хотелось уехать из дома... Я приезжаю... Я сплю не в доме, а сплю у нас пристройка в доме, он неотапливаемый.","Спокойствие, тревога, легкая отстранённость","Свобода, независимость, безопасность, общение","Для женщин старшего поколения характерно наличие широкой социальной сети, компенсирующей возможное одиночество. Дискомфорт в родительском доме может быть связан с изменением жизненных обстоятельств и внутренними страхами.",декларация,,Дом в деревне (родительский дом),,False
5,"Зрелость, забота о здоровье",Отказ от курения и отношение к вредным привычкам,"Респондентка бросила курить после многолетней привычки, мотивированная состоянием здоровья и желанием быть рядом с внучкой.","Я бросила по состоянию здоровья, кстати... Я говорю, ради Киры я стараюсь, для меня внучка это всё.","Решимость, забота, удовлетворение","Здоровье, ответственность, любовь к семье",Отказ от вредных привычек часто связан с возрастными изменениями и появлением новых семейных ролей (бабушка). Мотивация — забота о здоровье ради близких.,перелом,,,"Потребление медицинских услуг, отказ от табачных изделий",
6,"Зрелость, новые практики заботы о себе",Внедрение новых привычек для здоровья,"Респондентка впервые поехала в санаторий и планирует сделать это ежегодной традицией, предпочитая отдых с подругой.","В том году, в октябре месяце, 1 октября, я первый раз поехала в санаторий. То есть для меня сейчас, я хочу каждый год, это как система...","Воодушевление, удовлетворение","Здоровье, самосовершенствование, женская дружба",Санаторно-курортное лечение становится частью стратегии поддержания здоровья у женщин старшего возраста. Важна поддержка подруг и самостоятельное планирование досуга.,эпизод,"Санаторий, система здравоохранения",,Платные медицинские услуги,
7,"Зрелость, отношение к медицине и традициям",Отношение к народной и официальной медицине,"Респондентка не верит в экстрасенсов и массовые практики, но положительно относится к траволечению, опираясь на семейный опыт.","Я не верю в это... Отец травами занимался. Я могу сказать, что травы это да, но травы без каких-то определённых лекарств они... Они полезны.","Скепсис, уважение к семейным традициям","Рациональность, уважение к опыту старших, здоровье","Скептическое отношение к массовым практикам (экстрасенсы, Чумак) сочетается с доверием к семейным традициям траволечения. Это отражает смешение рационального и традиционного подходов к здоровью.",декларация,"Семейные традиции, народная медицина",,,
8,"Зрелость, пандемия",Отношение к вакцинации и здравоохранению,"Респондентка сделала прививку от коронавируса дважды, подчёркивая обязательность вакцинации для допуска к работе и посещения детских учреждений внучкой.","Я делала прививку от коронавируса два раза... У нас обязательные условия в садике, в который мы ходим сейчас, там все прививки обязательные, там не берут.","Принятие, прагматизм","Здоровье, ответственность, следование правилам","Вакцинация воспринимается как социальная и профессиональная необходимость, а не личный выбор. Подчеркивается роль институциональных требований.",декларация,"Система здравоохранения, детский сад",,Государственные услуги здравоохранения,
1,зрелый возраст (50+),Опыт взаимодействия с медицинскими учреждениями,"Респондентка негативно оценивает качество медицинских услуг в своей поликлинике, сталкивается с формальным и безразличным отношением врачей, предпочитает обращаться в проверенные больницы, где лечились члены семьи.","Ужасная поликлиника. И врагу я не пожелаю пойти в нашу поликлинику. Особо к моему волшебному доктору. Ей 76 лет, я прихожу к ней в 50 лет, я говорю, знаете, доктор, у меня что-то давление там. Она говорит, а что ты хочешь, тебе старость пришла.","разочарование, недоверие, раздражение","забота о здоровье, доверие к специалистам, семейные традиции","Опыт респондентки отражает типичное недоверие к государственной медицине у старшего поколения, поиск альтернативных путей решения медицинских проблем, ориентация на личный опыт и семейные рекомендации.",эпизод,"государственная поликлиника, областная больница",,,
2,зрелый возраст,Стратегии преодоления стресса,"Респондентка использует медикаменты (глицин), физическую активность, общение с близкими и посещение храма для борьбы со стрессом. Не доверяет психологам из-за негативного опыта в окружении.","Я, наверное, конечно, со стрессом неправильно справляюсь. Я пью углицы. И стараюсь находить в себе положительные эмоции.","самокритика, поиск опоры, недоверие","самостоятельность, эмоциональная устойчивость, религиозность","Преобладает установка на самостоятельное преодоление трудностей, характерная для поколения, выросшего в условиях ограниченного доступа к психологической помощи. Религиозность становится важным ресурсом.",декларация,"церковь, семья",,,
3,зрелый возраст,Потери и переживание утрат,"Смерть отца и двух близких подруг стала сильным стрессом для респондентки, вызвала чувство вины и осознание хрупкости жизни. Важную роль в переживании утрат играет религия.",Отец это был страшный стресс для меня. Что-то земля из-под ног ушла.,"грусть, вина, скорбь, принятие","семья, дружба, поддержка, духовность","Потери близких становятся точкой переосмысления жизненных ценностей, религиозная практика выступает способом справиться с утратой и найти смысл.",перелом,"церковь, семья",,,
4,зрелый возраст,"Одиночество, страх остаться без поддержки и сценарии старости","Респондентка размышляет о будущем, боится остаться одна, как ее подруги, но отмечает наличие семьи и возможность переезда в пансионат при необходимости.","Нет, мысли такие посещают, что не хотелось бы оказаться в ситуации вот такой, как мои подруги, чтобы остаться одни.","тревога, беспокойство, рационализация","семья, независимость, забота о себе","Страх одиночества в старости — типичная черта для женщин старшего возраста, особенно на фоне наблюдения за судьбами сверстниц. Пансионат рассматривается как рациональный выход.",узел,"семья, пансионат","есть дом, возможность переезда",,
5,детство и юность,Формирование трудовых и финансовых установок,"С раннего возраста респондентка работала летом, чтобы зарабатывать деньги, что сформировало у нее самостоятельность и стремление к финансовой независимости.","Очень рано я начала зарабатывать деньги. Это в каком возрасте вы начали зарабатывать? Ух, в 87-м уже зарабатывала летний день.","гордость, самостоятельность","трудолюбие, самостоятельность, финансовая независимость","Ранний трудовой опыт характерен для советских семей с невысоким достатком, где дети с детства приучались к самостоятельности и вкладу в семейный бюджет.",эпизод,"семья, лесничество",,ранний труд,
6,молодость,Выбор профессии и образовательной траектории,"Респондентка выбрала экономический техникум и профессию бухгалтера, чтобы быстрее начать зарабатывать и быть финансово независимой, ориентируясь на пример подруги.","Я пошла в техникум экономический, потому что я хотела зарабатывать. Хотела самостоятельно, никого не запить.","решимость, прагматизм","прагматизм, самостоятельность, финансовая устойчивость",Выбор образования и профессии под влиянием экономических обстоятельств семьи и ориентации на успешных знакомых — типичная стратегия для девушек из семей среднего достатка.,узел,экономический техникум,,выбор профессии,
7,молодость — зрелость,Финансовые кризисы и стратегии выживания,"Семья респондентки пережила дефолт, потерю накоплений, не смогла реализовать планы по улучшению жилищных условий, но впоследствии смогла купить квартиру в кредит.","Как же, а дефолт? Куда он делся? Когда мы голодали, когда не было, не платили зарплату. Это было что-то ужасное.","разочарование, стойкость","устойчивость, забота о семье, ответственность","Опыт финансовых потрясений 1990-х — важный элемент биографии поколения, сформировавший осторожное отношение к деньгам и склонность к накопительству.",перелом,"банк, семья","планы на корпоративную квартиру не реализованы, позже куплена квартира в кредит","ипотека, накопительство",
8,зрелый возраст,Потребительское поведение и отношение к онлайн-покупкам,"Респондентка не склонна к импульсивным крупным покупкам, предпочитает планировать расходы, негативно относится к онлайн-маркетплейсам из-за неудобства возврата товаров.","Я ее терпеть ненавижу. Почему? Да не знаю. Мне несколько раз там чего-то меня отнесли, товар, я не могла его вернуть.","раздражение, рациональность","бережливость, рациональность, недоверие к новому","Скепсис по отношению к онлайн-торговле характерен для старшего поколения, привыкшего к традиционным формам потребления и осторожного в отношении новых сервисов.",декларация,"онлайн-маркетплейсы (Wildberries, Ozon)",,ограниченное участие в онлайн-торговле,
1,"Зрелость, семейная жизнь",Финансовое поведение и кредитование,"Респондентка рассказывает о своем опыте использования кредитных карт, подчеркивает осторожность в финансовых вопросах и отсутствие долгов.","Я ни разу не вышла из периода оплаты, чтобы не переплачивать, чтобы не перепекать.","Умеренная уверенность, осторожность","Финансовая дисциплина, ответственность, избегание долгов","Респондентка демонстрирует типичное для старшего поколения отношение к кредитам — осторожность, стремление не выходить за рамки обязательств, негативное отношение к избыточному кредитованию.",эпизод,,,"Пользование кредитными картами, отказ от кредитов",
2,"Зрелость, семейная жизнь",Семейный бюджет и распределение финансов,"В семье существует общий бюджет, но муж контролирует основные доходы и крупные расходы. Респондентка получает фиксированную сумму на продукты и коммунальные платежи.","Я не могу без бюджета моего мужа, потому что у него зарплата не вся официальная, скажем так.","Сдержанность, прагматизм","Семейная стабильность, прозрачность расходов, доверие","Семейная финансовая модель с доминирующей ролью мужа в управлении доходами типична для традиционных семейных структур. Женщина отвечает за повседневные расходы, мужчина — за крупные покупки.",узел,Семья,,,
3,"Зрелость, профессиональная самореализация",Отношение к гендерным ролям и карьере,"Респондентка выступает против традиционного разделения ролей, считает, что и мужчина, и женщина должны строить карьеру, чтобы не оказаться в уязвимом положении.","Я считаю, что и муж, и жена, они все-таки должны строить карьеру. Не обязательно женщине быть сидеть дома.","Уверенность, критичность","Самостоятельность, независимость, равноправие","Респондентка демонстрирует современные взгляды на гендерные роли, подчеркивая важность экономической самостоятельности женщин.",декларация,,,,
4,Пенсионный возраст,Финансовое положение и ожидания,"Респондентка живет на пенсию и подработки, считает свой доход недостаточным, выражает недовольство уровнем пенсии и политикой государства по отношению к пенсионерам.","Мне этих денег не хватает, Максим. Я вам могу сказать, как это в Уральских пельменях, когда кот жил на бабушкиной пенсии. Мне хватает, бабушке не хватает.","Недовольство, ирония","Социальная справедливость, достойная старость",Проблема низких пенсий и неудовлетворенность социальной политикой государства — характерная черта для российских пенсионеров.,декларация,Пенсионная система,Планирует переезд к дочери при улучшении финансового положения,,
5,Пенсионный возраст,Смысл денег и финансовая безопасность,"Деньги для респондентки — это уверенность в завтрашнем дне и ощущение безопасности, сформированное опытом дефицита в прошлом.",Деньги – это уверенность в завтрашнем дне.,"Сдержанная тревожность, прагматизм","Безопасность, стабильность",Опыт экономических кризисов и дефицита в СССР формирует у старшего поколения особое отношение к деньгам как к средству выживания и безопасности.,декларация,,,,
6,"Молодость, студенчество",Опыт взаимодействия с полицией,Единственный опыт взаимодействия с полицией связан с кражей джинсов в общежитии в 1980-х годах.,"У меня украли джинсы в общаге. Вот это было. И то это было в 84-85 году, когда я купила джинсы у фарцовщика за офигенные деньги на рынке.","Легкая ирония, ностальгия","Честность, справедливость",Эпизод иллюстрирует бытовые трудности и ценность материальных благ в советское время.,эпизод,Полиция,,,
7,"Зрелость, профессиональная деятельность",Судебные споры и опыт работы с государственными органами,"Респондентка участвовала в длительных судебных процессах по выкупу земельного участка для организации, где работала, и успешно завершила их.",Суд выиграли и выкупили земельный участок. И на месте арендованного здания директор построил благополучную гостиницу и ресторан.,"Гордость, удовлетворение","Профессионализм, настойчивость",Опыт взаимодействия с государственными органами и судами показывает компетентность респондентки и сложность бюрократических процедур.,эпизод,"Суд, Министерство имущества",,,
8,"Зрелость, профессиональная деятельность",Взаимодействие с налоговой службой,"Долгий опыт работы бухгалтером, регулярное взаимодействие с налоговой, переход от личных контактов к электронному документообороту.","Служба, это по жизни со мной работает плотно. Так как я работаю бухгалтером с 83-го года...","Ирония, облегчение (от современных изменений)","Профессионализм, адаптация к изменениям",Переход к цифровизации государственных услуг воспринимается как значительное облегчение профессиональной деятельности.,узел,Налоговая служба,,,
9,"Зрелость, профессиональная деятельность",Взаимодействие с МФЦ и оформление недвижимости,"Положительный опыт работы с МФЦ при продаже недвижимости и оформлении наследства, отмечает удобство и профессионализм сотрудников.","Мне нравится электронная очередь, тоже мне очень нравится. То есть мне нравится, я могу получить документ в электронном виде.","Удовлетворение, спокойствие","Упорядоченность, технологичность",Современные сервисы МФЦ воспринимаются как пример эффективной работы государственных структур.,эпизод,МФЦ,,,
10,Пенсионный возраст,Оценка государственной помощи и социальных услуг,"Респондентка положительно оценивает упрощение оформления документов, но критикует рост коммунальных платежей, недостатки медицины и образования, а также минимальные выплаты пенсионерам.","Я считаю, что это барбарское отношение к народу. Потом в медицинском обслуживании тоже есть свои, скажем, подводные камни.","Критика, разочарование","Социальная справедливость, забота о слабых",Респондентка выражает типичное для пенсионеров недовольство уровнем социальной поддержки и ростом расходов.,декларация,Государственные структуры,,,
11,Пенсионный возраст,Региональная и федеральная политика,"Респондентка отмечает улучшения в благоустройстве города, но критикует недостаток поддержки детей и пенсионеров, а также рост налогов на федеральном уровне.",Федеральное достижение – это налоги. Это главные налоги. Уменьшить НДС.,"Сдержанная критика, ирония","Благоустройство, поддержка уязвимых групп","Видна разница в восприятии региональных и федеральных властей: локальные улучшения признаются, федеральная политика критикуется за фискальность.",декларация,Региональные и федеральные органы,,,
12,Пенсионный возраст,Отношение к политике и гражданской активности,"Респондентка дистанцируется от политики, ограничивается профессиональным интересом к налогам и ставкам, не ощущает своей субъектности в государстве.","Политикой я в общих чертах. Потому что мне нужно платить налоги, я смотрю ставки и читаю новости. А политике я далеко.","Безразличие, отчуждение","Прагматизм, частная жизнь","Демонстрируется характерная для части старшего поколения апатия и отчуждение от политической жизни, ощущение отсутствия влияния на государственные процессы.",декларация,,,,
1,"зрелость, активная гражданская позиция",отношение к выборам и власти,"Респондентка регулярно участвует в выборах, ощущая это своим гражданским долгом, но испытывает сомнения в эффективности своего голоса и разочарование в работе местных властей, особенно в вопросах городской инфраструктуры.","Я хожу на выборы, на выборы я хожу, исполняю свой долг. Но у меня всегда какое-то мутное сомнение есть, что, мать, мой голос уходит не туда, куда надо.","разочарование, тревога, скепсис","гражданская ответственность, патриотизм, справедливость, забота о городе","Респондентка демонстрирует типичную для зрелого поколения установку на участие в выборах как на моральный долг, но при этом выражает недоверие к эффективности избирательной системы и разочарование в местных властях. Критика транспортной системы иллюстрирует фрустрацию по поводу качества городской среды.",декларация,"выборы, местная администрация, транспортная система",False,False,
2,"зрелость, период политических и социальных потрясений",отношение к внешней политике и войне,"Респондентка переживает из-за войны, испытывает страх за будущее и за близких, находящихся в зоне конфликта. Она не поддерживает войну, но признаёт, что, возможно, она была необходима. Сравнивает нынешнее время с более спокойным прошлым.","Мне очень не хотелось, чтобы Россия воевала. Знаете, как это раньше было спокойно, вот до этого времени, до февраля месяца 21-го года. Какая-то была стабильность, уверен, что нет. Сейчас я, честно сказать, я боюсь вот этих военных действий...","боль, тревога, страх, тоска по стабильности","мир, безопасность, стабильность, забота о близких","Респондентка выражает характерную для части населения двойственность: с одной стороны, патриотизм и попытка рационализировать необходимость войны, с другой — глубокое личное неприятие и страх за будущее. Важна ностальгия по стабильности и мирной жизни.",декларация,"государство, армия",False,False,
3,"зрелость, период ограничений и перемен",ограничения в передвижении и изменение образа жизни,"Из-за войны и общей нестабильности респондентка перестала ездить в Крым, хотя раньше это было важной частью её жизни. Она тоскует по прежней свободе передвижения и открытым городским праздникам.","Сейчас мы не ездим, вот уже 21-го с года мы не были в Крыму. Я боюсь туда ехать...","тоска, страх, сожаление","свобода, безопасность, семейные традиции","Изменения в геополитической ситуации напрямую влияют на повседневную жизнь респондентки, ограничивая привычные маршруты и вызывая чувство утраты и тревоги.",эпизод,"государство, транспорт",False,False,
4,"зрелость, цифровизация повседневности",использование социальных сетей и мессенджеров,"Респондентка активно использует WhatsApp и Telegram для работы и общения, но предпочитает личные встречи и живое общение. Развлекательный контент её раздражает, она ценит информативность и функциональность.","Я общаюсь, да, я общаюсь через WhatsApp, я общаюсь через Telegram... Но меня вот просто сидеть там рассматривать одно и то же, потому что терять на это время я не хочу.","прагматизм, раздражение, умеренное принятие","эффективность, личное общение, информированность","Респондентка относится к цифровым технологиям как к инструменту, а не как к среде для развлечений. Это типично для зрелых пользователей, для которых важна функциональность и поддержание реальных связей.",декларация,"цифровые платформы, работа",False,True,
5,"зрелость, поддержание семейных связей",семейное общение и дистанция в цифровую эпоху,"Респондентка поддерживает тесные связи с родственниками, предпочитая личные встречи и телефонные звонки массовым рассылкам и переписке. Она считает, что ничто не заменит живого общения и эмоций.","Никто ничто и никогда не заменит общение, личное общение. Это важно. Это важно. Важно испытывать эмоции.","тепло, раздражение (по отношению к массовым сообщениям), ностальгия","семья, эмоциональная близость, искренность","Респондентка демонстрирует традиционалистский подход к коммуникации, где личный контакт и эмоции важнее цифрового общения. Это отражает ценности старших поколений и их стремление к сохранению семейных традиций.",декларация,семья,False,False,
6,"зрелость, технологические новшества",отношение к искусственному интеллекту,"Респондентка проявляет интерес к новым технологиям, в частности к искусственному интеллекту, но опасается потери человеческой свободы и индивидуальности. Она считает, что выбор должен оставаться за человеком.","Если он будет умным в пользу для человека, то пусть да. Но не управляет человеком. Чтобы, как сказать, не заставляет, не подавляет воли человека.","осторожный интерес, тревога","свобода воли, самостоятельность, технологический прогресс с человеческим лицом","Респондентка отражает амбивалентное отношение к ИИ: с одной стороны, интерес к возможностям, с другой — опасения по поводу контроля и утраты субъектности. Это характерно для зрелых пользователей, сталкивающихся с быстрыми технологическими изменениями.",декларация,технологические компании,False,True,
7,"зрелость, семейные радости и испытания",главные события последнего года: семья и здоровье,"Самым ярким событием года для респондентки стало общение с внучкой и празднование её дня рождения. Также важным событием стала тяжелая болезнь и успешная операция матери, что принесло облегчение и гордость за медицину.","Самый позитивный момент – это моя внучка. Я уже повторюсь, для меня это все... Я была увлечена нашим хирургом и горда за них.","радость, гордость, облегчение, тревога","семья, здоровье, благодарность, забота о близких","Семейные события и забота о здоровье близких занимают центральное место в жизни респондентки, что типично для зрелого возраста. Позитивные эмоции связаны с семьёй, негативные — с болезнями и страхом утраты.",эпизод,"семья, здравоохранение",False,False,
8,"зрелость, стабильность и планирование",жизненные планы и материальное положение,"Респондентка довольна своим материальным положением, не строит грандиозных планов, ценит то, что имеет. Основные планы связаны с отдыхом, путешествиями и поддержанием семейных традиций.","Я радуюсь, что я нахожусь с двумя любимыми людьми. Это мама и Кира. Я работаю, я нахожусь в семье. Я считаю, что для меня это смесь будущего, что я не одна.","удовлетворение, спокойствие, благодарность","семья, стабильность, умеренность, благодарность","Респондентка демонстрирует ценности зрелого возраста: удовлетворённость достигнутым, отсутствие материальных амбиций, акцент на поддержании семейных связей и планировании досуга.",декларация,"семья, рынок недвижимости, рынок труда",True,True,
9,"зрелость, поддержание традиций и досуга","путешествия, отдых и семейные традиции","Респондентка активно планирует семейные поездки, отдых, посещение санаториев и природных мест. Она ценит совместные путешествия с семьёй и поддерживает традицию посещения святых источников.","Надо ездить в Сочи, навести дядьку, конечно. Потому что ему 87 лет, тоже хотелось бы увидеть его... Искупаться в источнике, Максим, обязательно надо. И не в одном за лето. Чтобы силу подчеркнуть.","ожидание, радость, воодушевление","семейные традиции, здоровье, путешествия, забота о близких",Путешествия и совместный досуг выступают важным элементом семейной идентичности и поддержания межпоколенческих связей. Посещение святых источников отражает элементы традиционной культуры.,эпизод,"семья, туризм, санаторно-курортная система",False,True,
1,"Зрелость, 60+",Жизненные принципы и ценности,"Респондентка размышляет о своих жизненных принципах: работать, приносить пользу, заботиться о близких. Она не участвует в городском волонтерстве, но помогает знакомым и ухаживает за инвалидом безвозмездно. Основное внимание уделяет семье.","Максим, работать, выносить пользу какую-то. Ой, я не знаю, чем я могу принести пользу. Для волонтерства я не занимаюсь в городе, честно сказать. ... У меня еще есть допечность, за которой я ухаживаю. ... Не могу бросить этого человека. ... Наверное, я больше занимаюсь своей семьей.","спокойствие, легкая неуверенность, забота","помощь другим, семейственность, ответственность, скромность","Респондентка демонстрирует традиционные ценности зрелого поколения: приоритет семьи, неформальная забота о ближних, скромность в оценке собственной пользы для общества. Волонтерство воспринимается как нечто внешнее, а помощь ближним — как естественная часть жизни.",декларация,"семья, неформальные социальные связи",,False,
2,"Зрелость, 60+",Смысл жизни и удовлетворение,"Смыслом жизни респондентка считает не только пользу для других, но и внутреннее удовлетворение, гармонию с собой.","Приносить пользу и не чувствовать себя счастливым человеком не только от пользы, но и в себе, чтобы было удовлетворение для себя тоже жить.","размышление, спокойствие","гармония, самоуважение, польза",Важный акцент на балансе между альтруизмом и личным счастьем. Для зрелого возраста характерно стремление к внутренней гармонии.,декларация,,,,
3,"Зрелость, 60+",Оценка жизненного пути: удачи и сожаления,"Респондентка считает своей удачей крепкую семью, хорошие отношения с родственниками и друзьями, относительное здоровье. Сожалеет о скорой утрате матери и необходимости передавать семейные традиции следующему поколению.","Удачно, что у меня есть, знаете, любимая крепкая семья. ... Удачно, что у меня есть друзья, подруги, с которыми мне повезло. ... Неудача? Неудача в том, что скоро не будет мамы, наверное, потому что с этим надо готовиться и пережить.","благодарность, грусть, гордость","семья, родственные связи, традиции, преемственность","Семья и род — ключевые источники идентичности и поддержки. Смерть родителей воспринимается как утрата 'крыла', но также как момент передачи ответственности и традиций.",эпизод/узел,"семья, родственные связи",,,
4,"Зрелость, 60+",Отношение к смерти и религиозность,"Респондентка не боится смерти, опирается на религиозные представления о душе и загробной жизни. Для нее важны исповедь и соборование перед уходом.","Смерть для меня... я не боюсь смерти. ... я хожу в храм, и на исповеди ... рассказывается про смерть, что переход тела, оно пленно, переход человека в лесу, оно вечно... Поэтому я думаю, что я верю, что после смерти...","спокойствие, принятие","религиозность, духовность, принятие",Религиозные практики и вера в загробную жизнь помогают справляться со страхом смерти и придают смысл уходу близких.,декларация,"церковь, религиозная община",,,
5,"Зрелость, 60+",Желания и мечты: материальные и нематериальные изменения,"Респондентка хотела бы поменять квартиру, чтобы жить ближе к дочери и внучке, а также мечтает выучить английский язык. Переезд в другой город не рассматривает, так как сильно привязана к Нижнему Новгороду.","Макси очень хочет продать свою квартиру, поменять ее. ... Я никак не учу английский язык. ... Переехать в другой город я точно не хочу. Я очень привязанно люблю Нижний Новгород.","легкая неудовлетворенность, привязанность, юмор","семья, дом, образование, стабильность",Жилищный вопрос и территориальная близость к семье — важная тема для пожилых людей. Привязанность к родному городу типична для старшего поколения.,декларация,"рынок недвижимости, семья",True,True,
6,"Зрелость, 60+",Фантазии и невозможные изменения,"Респондентка осознает границы своих возможностей: не может повлиять на войну или политику, но мечтает о мире и безопасности для молодых.","А, допустим, закончить войну, это я не могу изменить. Это не в моих силах. ... Чтобы закончилось все это дело. Чтобы наши ребята не гибли. Я всегда молюсь за них и не страшно за них.","беспомощность, сочувствие, забота","мир, безопасность, эмпатия",Чувство ограниченности личного влияния на большие социальные процессы типично для рядовых граждан. Молитва и сочувствие — доступные формы участия.,декларация,,,,
7,"Зрелость, 60+",Рефлексия над жизнью и самоощущение,"Респондентка впервые подробно рассказывает о своей жизни незнакомому человеку, сравнивает свою биографию с фильмом, размышляет о том, положительный ли она герой.","На самом деле я про свою жену рассказываю вообще первый раз. И так подробно, как фильм. ... Ну, фильм за медленные действия пересмотрела. Ну, кто это положительный актер или отрицательный, еще не решили.","удивление, легкая неуверенность, открытость","рефлексия, честность, открытость",Интервью становится для респондентки поводом к рефлексии и переосмыслению собственной жизни. Сравнение с фильмом — метафора дистанцированного взгляда на себя.,эпизод/узел,,,,
8,"Зрелость, 60+",Эмоциональное состояние после интервью,"Респондентка выходит из беседы с позитивным чувством, отмечает, что прошлое не вызывает у нее горечи, а будущее открыто для изменений.","То, что я какие-то моменты свои вспоминала, которые меня огорчали по жизни, они прошли. ... Было, да, было. Было, ну, сейчас уже ничто не покажет.","позитив, спокойствие, принятие","оптимизм, принятие прошлого",Позитивное завершение интервью свидетельствует о зрелой жизненной позиции и способности к принятию собственного опыта.,эпизод,,,,
009,"Зрелость, 60+",Привязанность к домашним животным,"В конце интервью респондентка с теплотой говорит о своих кошках, называет их 'душой', проявляет эмоциональную привязанность.","Я их люблю. Я уважаю пушки. Ой, ты мой золотой. Пушки вообще чудо. ... Кошатина это что-то. Я дам, моя душа.","радость, умиление, нежность","любовь к животным, эмоциональная теплота",Домашние животные выступают важным источником эмоциональной поддержки и радости в зрелом возрасте.,эпизод,домашние животные,,,
