id,life_stage,theme,summary,quote,emotion,values,sociological_note,type,institution,housing_promised,market_participation,collapse_context
1,Детство и школьные годы,"Жизнь в небольшом поселке, семейное воспитание, учеба","Респондентка выросла в небольшом поселке в Приморском крае. Детство запомнилось трудным: много обязанностей по дому и на даче, строгие и требовательные родители, мало свободного времени и развлечений. Училась хорошо, но больше по требованию родителей, чем по собственному желанию. Испытывала чувство ограниченности и некоторой ущербности из-за материальных условий и контроля со стороны родителей. Яркие воспоминания связаны с поездками к бабушкам, где было больше свободы и радости.","Детство было, конечно... Все желания не удовлетворялись полностью. Всегда хотелось конфеток, шоколадок. Родители не богатые... В основном ощущение какой-то ущербности в стольной степени было.","Сдержанная грусть, ностальгия, некоторая обида","Семья, трудолюбие, образование, стремление к свободе","Опыт детства в малом населенном пункте с ограниченными ресурсами и строгим семейным контролем типичен для многих российских семей. Воспитание через труд и учебу, ограничение личных желаний и материальных благ формируют у респондента амбивалентное отношение к родителям и стремление к самостоятельности.",эпизод,"школа, семья",0.0,0.0,
2,Старшие классы школы,"Первые успехи, формирование амбиций, участие в олимпиадах и конференциях","В старших классах респондентка начала участвовать в олимпиадах и конференциях, что дало ей уверенность в собственных силах и желание уехать в город. Победы на конкурсах, поездки в Москву и другие города стали важными событиями, позволившими поверить в свои возможности и задуматься о будущем вне поселка, несмотря на ожидания родителей.","Для меня это было очень значимо, что потенциал есть. И зарывать его только в своем поселке тоже смысла никакого нет.","Воодушевление, гордость, надежда","Самореализация, образование, независимость","Участие в олимпиадах и конференциях становится для респондента социальным лифтом, открывающим новые горизонты и формирующим установку на мобильность. Это типичный путь для мотивированных подростков из провинции, ищущих возможности для выхода за пределы ограниченного социального круга.",узел,"школа, внешкольные мероприятия",0.0,0.0,
3,Поступление и студенчество,"Выбор университета, самостоятельность, активная студенческая жизнь","Респондентка рассматривала разные города и направления для поступления, но в итоге осталась во Владивостоке, вопреки ожиданиям родителей. Студенчество стало для нее периодом максимальной самостоятельности, активной общественной и научной деятельности, новых знакомств и личностного роста. Она училась на биологическом факультете, участвовала в конференциях, получила водительские права, защитила второй диплом, поступила в аспирантуру.","Когда в Владивостоке начала жить одна, прям вкус свободы... В студенчестве самый активный был, наверное, период, когда можно было все попробовать.","Энтузиазм, радость, чувство свободы","Самостоятельность, развитие, активность, образование","Студенчество воспринимается как время личной свободы и самореализации, особенно для девушек из провинции. Выбор города и специальности становится актом эмансипации от родительских ожиданий. Активное участие в общественной и научной жизни свидетельствует о высоком уровне социальной мобильности.",эпизод,"университет, студенческие организации",0.0,1.0,
4,"Начало взрослой жизни, первые отношения и профессиональные испытания","Личные отношения, разрыв, депрессия, смена профессионального пути","После окончания университета респондентка начала жить с первым гражданским мужем, занималась наукой и преподаванием. Разрыв отношений стал тяжелым переломным моментом, вызвавшим депрессию и отказ от научной карьеры, несмотря на написанную диссертацию и приглашения вернуться. Смерть научного руководителя усугубила кризис. В этот период она работала на низкоквалифицированных работах, постепенно восстанавливалась и искала новые профессиональные пути.","Ну, в общем, как старуха с разбитым корытом... Ну, осталось после отношений.","Грусть, разочарование, апатия, затем постепенное восстановление","Преодоление трудностей, поиск себя, независимость","Личный кризис после разрыва отношений и утраты профессионального наставника типичен для молодых женщин, чья идентичность была связана с партнером и профессией. Временный уход на низкоквалифицированные работы — способ выживания и поиска новых опор.",перелом,"семья, университет, рынок труда",0.0,1.0,
5,Восстановление и профессиональный поиск,"Поиск работы, возвращение к активности, новые профессиональные роли","Постепенно респондентка восстанавливается после кризиса, пробует себя в разных сферах: работает администратором, затем по совету начальника идет работать в школу, помогает в управлении процессами, проявляет инициативу и активность. Научную карьеру восстановить не удалось, но реализует себя в других сферах.","Видимо, вот эта вот инициативность, активность, она все равно в той или иной степени реализуется.","Уверенность, удовлетворение, принятие","Инициативность, профессиональная самореализация, помощь другим","Профессиональная гибкость и готовность осваивать новые роли характерны для женщин, переживших личный кризис. Важно наличие поддерживающих фигур (начальник, коллеги), которые способствуют возвращению к активной жизни.",эпизод,"школа, бизнес-структуры",0.0,1.0,
6,"Настоящее, новые отношения и осознанность","Личная жизнь, новые отношения, поддержка и взаимное развитие","После восстановления респондентка встретила нового гражданского супруга, с которым отношения более осознанные и поддерживающие. Она реализует свои интересы, получает поддержку и сама поддерживает партнера. Отмечает важность выбора правильного человека для гармоничной жизни.","Сейчас я занимаюсь тем, что мне интересно, нахожу поддержку у своего нынешнего супруга в своих начинаниях, проектах и его стараюсь тоже поддерживать.","Удовлетворение, спокойствие, благодарность","Партнерство, поддержка, личная свобода, гармония","Переход к более зрелым и осознанным отношениям после травматичного опыта — важный этап взросления. Взаимная поддержка и уважение становятся ключевыми ценностями, что отражает современные тенденции в партнерских отношениях.",узел,"семья, партнерство",0.0,0.0,
7,Семейные связи и влияние на сестру,"Взаимоотношения с сестрой, влияние на выбор профессии","Респондентка отмечает, что ее успехи и интерес к биологии повлияли на выбор сестры, которая также поступила на биологический факультет, но в другой университет. Жизненные пути сестер разошлись, но обе реализовали себя в науке и образовании. Сестра впоследствии переехала в другой город и устроила личную жизнь.","Сестру, на самом деле, я когда она училась в школе, каким-то образом, хотя непонятно почему, так вовлекла в биологию, что она тоже пошла на биологический факультет.","Гордость, теплота","Семейные связи, наставничество, образование",Влияние старших братьев и сестер на образовательные и профессиональные траектории младших — распространенное явление в российских семьях. Семейные традиции и примеры играют важную роль в выборе жизненного пути.,эпизод,"семья, университет",0.0,0.0,
1,"Детство (ранние годы, до школы и начальная школа)",Семейная жизнь и воспитание,"Респондентка жила в одной квартире с родителями, сестрой и бабушкой. Воспитание было достаточно жёстким, особенно со стороны отца, применялись физические наказания, были высокие требования к занятиям и развитию. Бабушка давала больше свободы и самостоятельности.","Вторая бабушка жила с родителями, то есть мы жили мама, папа, я, сестра и бабушка. Все в одной квартире... она была более такая, ну, короче, свободу мне больше давала, ну, как бы старалась, самостоятельность, что ли, вот так.","Смешанные чувства: ностальгия, некоторая обида, благодарность","Семья, самостоятельность, дисциплина, развитие","Семейная структура типична для постсоветского пространства 90-х: несколько поколений в одной квартире, высокая роль бабушки, жёсткие методы воспитания, акцент на развитии через кружки.",эпизод,"семья, школа, кружки",0.0,,
2,Детство (младший школьный возраст),Травматичные и значимые события детства,"Смерть дедушки, рождение сестры, эпизод с наказанием за стрижку сестры — все эти события оставили эмоциональный след. Воспитание воспринимается как травматичное, но были и позитивные моменты, связанные с отпуском и семейными поездками.","В результате папа так разозлился, что он повел меня в туалет и все, короче, мне срезал волосы, ну, как бы так, комками... То есть больше, ну, такое, травматичное детство, скажем так.","Боль, обида, некоторая рефлексия","Справедливость, поддержка, эмоциональная безопасность","Травматичные эпизоды в детстве часто формируют отношение к себе и к родителям, а также влияют на самооценку и способы взаимодействия с миром.",узел,семья,0.0,,
3,Детство и подростковый возраст,Семейные ценности и отношения,"Несмотря на жёсткое воспитание, респондентка отмечает взаимопонимание между родителями, их умение договариваться и поддерживать друг друга. Внутри семьи ощущалась поддержка и опора, особенно в сложных ситуациях.","Мне нравилось между родителями их взаимопонимание, в принципе, и что они всегда шли на компромиссы, как бы не ругались, а как бы, ну, нормально все обсуждали...","Тёплое воспоминание, благодарность","Взаимопонимание, поддержка, семейная сплочённость","Даже при наличии жёстких методов воспитания, ценность семейной поддержки и компромисса оказывается ключевой для респондента.",декларация,семья,,,
4,Детство и подростковый возраст,Дружба и отношения со сверстниками,"В начальной школе были близкие друзья, но в подростковом возрасте произошёл разрыв дружбы. Влияние родительских требований ограничивало социальную активность, что привело к более узкому кругу общения. В старших классах и юности круг общения расширился, но респондентка склонна к интроверсии.","Мне лучше было быть нелюдимой, скажем так, иметь одну-две подруги, которые там общаются. Но в старшем классе, даже в девятом классе, у нас прям там четыре человека компашка сложилась.","Сдержанность, некоторая грусть, принятие","Лояльность, индивидуальность, самостоятельность","Родительский контроль и акцент на учёбе ограничивали социализацию, что типично для семей с высокими образовательными ожиданиями.",эпизод,школа,,,
5,Детство и подростковый возраст,Значимые события и опыт самостоятельности,"Опыт пребывания в детском лагере был разным: первый раз — неприятие, второй — успех и признание. Первый опыт заработка — торговля укропом и ягодами, что дало ощущение самостоятельности и возможности купить желаемое.","Я смогла купить то, что я себе хочу, и то, что хотят кто-то, и там... Мама, папа, бабушка. Или на что я их не могу вдохновить, чтобы они мне купили.","Гордость, радость, удовлетворение","Самостоятельность, признание, творчество",Опыт самостоятельного заработка и признания в коллективе формирует уверенность в себе и стремление к независимости.,эпизод,,,1.0,
6,"Юность, студенчество",Первые трудовые опыты и профессиональное самоопределение,Первая работа была найдена с помощью мамы — в детском доме. Далее — подработки по знакомству и через университетское научное общество. Опыт официантки был получен из любопытства и в компании парня.,"Ну совсем-совсем первую работу, если так быть честным, мне нашла мама, потому что это было в 14 лет, она говорит, давай здесь сходи, будешь в детском доме...","Интерес, лёгкая неуверенность, благодарность","Трудолюбие, самостоятельность, исследование нового","Первые рабочие места часто определяются семейными связями и случайными возможностями, что типично для подростков и студентов.",эпизод,,,1.0,
7,Взрослая жизнь (ранний этап),Профессиональная деятельность и предпринимательство,"Респондентка совмещает работу в школе (предметник, классное руководство) и участие в семейном бизнесе по ремонту техники и печати. В бизнесе выполняет управленческие функции, занимается рекламой и координацией.","Это бизнес. Вот я говорю, человек... у нас мастерская скажем так по ремонту техники то есть это как бы совсем не мой профиль да скажем так и в печати да...","Гордость, интерес, удовлетворение","Многофункциональность, ответственность, развитие",Совмещение педагогической деятельности и предпринимательства отражает тенденцию к диверсификации занятости среди молодых специалистов.,декларация,"школа, малый бизнес",,1.0,
8,"Юность, студенчество",Значимые романтические отношения,"Были отношения с хорошими перспективами, но респондентка их завершила, отдавая предпочтение страсти и спонтанности, а не здравому смыслу. Позже сожалела о своём выборе.","Я на корню их порубила, хотя они потенциалы имели хорошие, скажем, в совместной жизни, может быть, в свадьбе, рождение детей и так далее.","Сожаление, рефлексия","Самостоятельность, страсть, поиск себя",Выбор между стабильностью и эмоциональной насыщенностью — типичная дилемма для молодых женщин в период самоопределения.,перелом,,,,
1,Студенческие годы,Авантюрные и рискованные ситуации с подругами,"Респондентка рассказывает о случае, когда подруга уговорила ее поехать в баню с двумя мужчинами, что воспринималось как авантюра и риск. В итоге девушки быстро ушли, почувствовав некомфортные намерения мужчин.","Это была чисто реальная авантюра... Мы пришли, покушали все, что они нам дали, но подарков они нам не подарили, к сожалению, и быстро слиняли.","Смешанное: тревога, неловкость, легкая ирония","Безопасность, самостоятельность, осторожность, женская солидарность","Эпизод иллюстрирует типичные для молодежи эксперименты с границами дозволенного, а также важность поддержки и доверия между подругами в ситуациях неопределенности.",эпизод,неформальные молодежные группы,,0.0,
2,Студенческие годы,Эксперименты с алкоголем и романтические переживания,"В Москве на конкурсе респондентка впервые пробует крепкий алкоголь, что приводит к неожиданному поведению и раскрытию чувств к парню. После этого она решает больше не пить этот напиток.","Я говорю, нет, я Джек Дэниелс вообще даже не буду. Даже не предлагайте.","Смущение, легкое сожаление, самоирония","Самоконтроль, честность с собой, опыт через ошибки","Ситуация отражает типичный для юности поиск новых ощущений, а также формирование личных границ и выводов из собственных ошибок.",эпизод,студенческое сообщество,,1.0,
3,Детство,Моральные дилеммы и первый опыт обмана,"В детстве респондентка с друзьями нашла кошелек с крупной суммой, потратила деньги, а затем пыталась скрыть это от родителей, что привело к разоблачению и наказанию.","Я решила, что под ванной самое лучшее место, что туда никуда никто не полезет, но не тут-то было.","Волнение, страх, стыд, сожаление","Честность, ответственность, справедливость","Эпизод демонстрирует формирование моральных ориентиров через опыт нарушения и последующего наказания, а также влияние родительского контроля.",эпизод,"семья, детская компания",,0.0,
4,"Юность, студенчество",Любовные отношения и внутренние конфликты,"Респондентка рассказывает о периоде, когда у нее были хорошие отношения с парнем, но возникла страсть к другому. Она сознательно разорвала отношения, чтобы не обманывать, несмотря на внутренний конфликт между чувствами и разумом.","У одного вспышка чувства и эмоции, а другой разум говорит, что у тебя хороший парень, он тебе заботится, он тебе... Не хотелось его просто обманывать, но рассталась я, конечно, с ним жёстко.","Сожаление, внутренний конфликт, честность","Честность, уважение к партнеру, саморефлексия","Ситуация иллюстрирует столкновение романтических импульсов и рационального выбора, а также важность честности в отношениях для респондентки.",перелом,"студенческое сообщество, романтические отношения",,0.0,
5,"Взрослая жизнь, настоящее время",Распорядок дня и баланс между работой и личной жизнью,"Респондентка подробно описывает свой типичный будний и выходной день, отмечая плотный график, необходимость совмещать работу в школе и офисе, а также стремление проводить время с мужем.","Потому что хочется еще что-то для себя сделать. Не знаю... ухаживать за собой, но времени мало свободного.","Усталость, удовлетворение, легкая неудовлетворенность","Трудолюбие, забота о себе и близких, стремление к балансу","Описание отражает типичные для современной женщины вызовы по совмещению профессиональной и личной жизни, а также ценность совместного досуга с семьей.",узел,"школа, офис, семья",,1.0,
6,"Взрослая жизнь, настоящее время",Семейные отношения и круг близких,"Респондентка выделяет свой круг близких: родителей, сестру, бабушку, мужа и подруг. Отношения с родителями хорошие, но на дистанции, что она считает для себя комфортным. Особо выделяет бабушку как самого близкого человека.","Ближе всего, наверное, бабушка ближе всего, наверное, благодаря её какому-то более спокойному настроению, да, скажем так.","Теплота, благодарность, спокойствие","Семья, доверие, личные границы, поддержка","Блок демонстрирует важность семейных связей, но также и стремление к самостоятельности и личному пространству во взрослом возрасте.",декларация,семья,0.0,,
7,"Взрослая жизнь, настоящее время","Досуг, хобби и традиции","Респондентка рассказывает о своих хобби (танцы, чтение), традициях выходных (уборка, совместные походы с мужем в кафе, шопинг, квесты), а также о том, как они проводят отпуска.","Мы стараемся прям куда-то раз и выехать там. Либо это должна быть природа-природа, и уехали на несколько дней, на неделю куда-нибудь.","Радость, удовлетворение, стремление к разнообразию","Разнообразие, активный отдых, совместное времяпрепровождение",Блок иллюстрирует современные городские практики досуга и стремление к насыщенному отдыху как способу восстановления ресурсов.,узел,"семья, досуговые учреждения",,1.0,
1,"Взрослая жизнь, семейный этап",Отношения с матерью,"Респондентка отмечает отсутствие доверительных отношений с матерью, объясняя это страхом негативных последствий и разрушения жизни.","Ну вот, как бы, как мама-дочка, да? Ну, как в идеале, наверное, когда маме-то всё рассказываешь. Ну, нет такого. Ну, потому что это чревато последствиями, разрушающими жизнь, скажем так.","Сдержанная грусть, разочарование","Безопасность, самосохранение, осторожность в доверии","Дистанция между поколениями, недоверие в семейных отношениях, характерное для части российских семей, где открытость может восприниматься как уязвимость.",декларация,,,,
2,"Взрослая жизнь, семейный этап",Отношения с супругом,"Респондентка описывает мужа как активного, креативного, поддерживающего и доброго человека, противопоставляя его предыдущим партнерам с традиционными взглядами на роль женщины.","были отношения у меня, когда просто говорили, вот либо борщ ты готовишь, либо все, до свидания. Ну, то есть для кого-то это было прям суперважно. Вот. чтобы женщина была домохозяйкой. Ну, я не такой типаж, ну, как вы видите, да.","Удовлетворение, благодарность","Поддержка, равноправие, индивидуальность","Смена гендерных ролей и ожиданий в браке, стремление к партнерству и поддержке, а не к традиционному патриархальному укладу.",декларация,,,,
3,"Взрослая жизнь, семейный этап",Знакомство с супругом,Знакомство с будущим мужем произошло через общих друзей на дне рождения подруги.,"У нас друзья общие свели. Просто в компании общей. Хотя, как бы, ну, короче, да. Был день рождения, в общем, у моей подруги. И там пришел вот мой будущий муж.",Нейтрально-позитивный,"Открытость к новым знакомствам, ценность дружеских связей",Социальные сети и дружеские круги остаются важным каналом для создания семей в современной России.,эпизод,,,,
4,"Взрослая жизнь, семейный этап",Планы на будущее,Пара планирует завести ребенка после улучшения материального положения и покупки собственной квартиры.,"Ну, в целом мы, конечно, хотим ребенка завести, но попозже, потому что сейчас, конечно, хотим устаканиться в материальном положении, квартиру купить и потом уже о ребенке подумать.","Рациональность, надежда","Стабильность, ответственность, планирование","Поколенческий сдвиг: приоритет материальной стабильности перед рождением детей, распространённый среди молодых семей.",декларация,,1.0,Планируется покупка квартиры,
5,"Взрослая жизнь, семейный этап",Финансовые отношения в семье,"В семье существует общий и личный бюджет, решения по крупным тратам принимаются совместно, но есть и личная финансовая автономия.","Есть общий, а есть мой бюджет. Вот. То есть, когда это мой бюджет, ну, я полностью располагаю, да, и ни перед кем не отчитываюсь.","Уверенность, спокойствие","Автономия, доверие, партнерство","Современная модель семейных финансов: сочетание общего и личного бюджета, что отражает тенденцию к индивидуализации даже в браке.",декларация,,,,
6,"Взрослая жизнь, семейный этап",Отношения с родственниками супруга,"Родственники супруга живут в другом городе, общение поддерживается, но нечастое и формальное.","Ну, на самом деле у него тоже родственники в другом городе. Мы к ним иногда ездим в гости. Но это из Сирии не часто бывает.",Нейтрально-позитивный,"Семейные связи, уважение","Географическая мобильность и разобщённость семей, характерная для современной России.",эпизод,,,,
7,Переход от прошлых отношений к нынешним,Уроки из прошлых отношений,"Респондентка научилась больше ценить себя, отстаивать свои интересы и не быть «хорошей девочкой» в ущерб себе.","В прошлом отношении я была чисто хорошей девочкой. И хозяйка там, и на себя забила. Какие-то хобби свои не хожу. Кое-что, конечно, для себя я делала, но недостаточно.","Осознанность, благодарность за опыт","Самоуважение, личностный рост, свобода","Переосмысление гендерных ролей и личных границ в отношениях, характерное для женщин нового поколения.",перелом,,,,
8,Студенчество и начало трудовой деятельности,Формирование дружеских связей,Близкие подруги появились в студенчестве и начале работы; дружба прошла испытания и укрепилась благодаря совместным переживаниям.,"Ну, потому что, наверное, мы много что с ними прошли. В каких-то сложных ситуациях они все испытания вместе столько переносили.","Благодарность, теплота","Дружба, поддержка, лояльность",Студенчество как ключевой период формирования устойчивых социальных связей.,узел,университет,,,
9,Студенчество,Конфликты и трансформация дружбы,"В дружбе были конфликты из-за внимания противоположного пола, которые удалось преодолеть совместной работой над уверенностью и имиджем подруги.","мы совместно, потому что у нас возникла терка небольшая, и мы думали, как это разрешить. Потому что мне не нужно 10-15 ухажеров одновременно. И постепенно улучшали ее имидж тоже.","Сочувствие, поддержка","Солидарность, эмпатия, развитие","Девичья дружба проходит испытания конкуренцией, но может трансформироваться в поддержку и совместное развитие.",эпизод,,,,
10,Период после развода с первым мужем,Ощущение одиночества,"После развода с первым мужем респондентка испытывала чувство изоляции и пустоты, несмотря на наличие друзей и родителей.","И ничего не смогло сделать так, чтобы не ощущалось это пустое, большое, огромное, пустое место, скажем так.","Грусть, опустошение","Потребность в близости, эмоциональная связь","Развод часто сопровождается кризисом идентичности и ощущением утраты, даже при наличии социальной поддержки.",перелом,,,,
11,Настоящее время,Оценка отношений с близкими,"В целом респондентка оценивает свои отношения с близкими как хорошие, дружелюбные и позитивные.","Ну, в целом хорошие, дружелюбные, позитивные.","Удовлетворение, спокойствие","Гармония, стабильность",Позитивная самооценка социальных связей после преодоления личных кризисов.,декларация,,,,
12,Настоящее время,Здоровье и забота о себе,"Респондентка считает свое здоровье хорошим, занимается танцами, прогулками, следит за физической активностью и старается делать разминку.","Для здоровья я делаю танцы, допустим, у меня как бы два раза в неделю занимаюсь. Какие-нибудь прогулки, пробежки.","Удовлетворение, спокойствие","Здоровье, активность, самодисциплина",Здоровый образ жизни становится частью повседневности для городских жителей среднего класса.,декларация,,,,
13,Настоящее время,Питание и вредные привычки,"Питание не всегда правильное, есть склонность к употреблению майонеза и выпечки, особенно в вечернее время.","Иногда я себе позволяю майонезный салат как-нибудь съесть вечерком, хотя как бы полдень не очень-то рекомендуется.","Самокритика, принятие","Умеренность, удовольствие, честность с собой",Питание и пищевые привычки часто балансируют между стремлением к здоровью и желанием получать удовольствие.,декларация,,,,
14,Настоящее время,Стресс и психологическое здоровье,"Стресс присутствует в жизни, но в среднем на приемлемом уровне; респондентка осознает влияние психологического состояния на здоровье.","Но питание, физическая активность, я считаю, на здоровье влияют. Но и психологическое состояние тоже влияет на здоровье.","Осознанность, спокойствие","Психологическое здоровье, баланс",Осознание взаимосвязи психики и физического здоровья становится все более распространенным.,декларация,,,,
15,Настоящее время,Отношение к медицине,"В целом отношение к медицине позитивное, но есть недоверие к диагнозам и желание перепроверять назначения.","Не всегда, конечно, надо перепроверять ключи, мне кажется. Потому что диагноз... Не всегда может быть корректен.","Осторожность, рациональность","Здравомыслие, критичность, забота о себе","Рост критического отношения к системе здравоохранения, желание быть информированным пациентом.",декларация,медицина,,,
16,Настоящее время,Восприятие российской медицины,"Респондентка считает, что в российской медицине сочетаются забота о людях и коммерческая составляющая, особенно в вопросах лекарств.","Мне кажется, 50 на 50, потому что вроде бы есть врачи, которые и заботятся о людях, все равно стараются помочь. Но коммерческая сторона тоже есть.","Скепсис, реализм","Справедливость, прагматизм","Двойственное восприятие медицины: сочетание доверия к врачам и недоверия к системе, особенно в контексте коммерциализации.",декларация,медицина,,,
17,Настоящее время,Выбор между коммерческой и государственной медициной,Выбор между коммерческой и государственной медициной зависит от ситуации и тяжести заболевания; опыт обращения в платную клинику не показал разницы.,"Если это какое-нибудь небольшое заболевание, допустим, ОРВИ, да, может быть, можно сходить и в обычную клинику. Если это, допустим, какое-то тяжелое заболевание, может и в частную лучше сходить...","Рациональность, прагматизм","Практичность, гибкость","Прагматичный подход к выбору медицинских услуг, отсутствие идеализации ни одной из систем.",декларация,медицина,,,
1,"Взрослая жизнь, семейный этап",Взаимодействие с медициной и отношение к здравоохранению,"Респондентка считает, что государство должно поддерживать здравоохранение, но признаёт нехватку ресурсов и рост платных услуг. Качество медицины связывает с профессионализмом конкретных врачей, а не с местом проживания.","То есть вообще государство должно поддерживать людей в здравоохранении. Но, я так понимаю, все равно мощности государства не хватает.","Умеренно критичный, реалистичный","Справедливость, ответственность государства, профессионализм",Респондентка демонстрирует типичную для российского среднего класса позицию: ожидание социальной поддержки от государства сочетается с признанием ограниченности государственных ресурсов и необходимостью платных услуг.,декларация,Государственная система здравоохранения,,,
2,"Взрослая жизнь, семейный этап",Отношение к вакцинации,"Вакцинацию считает полезной, но отмечает возможные риски и необходимость учитывать противопоказания.","Ну, вакцинация на самом деле хорошая вещь с одной стороны, но сила вновь чревата последствиями.","Взвешенный, осторожный","Здравый смысл, осторожность, забота о здоровье",Отражает распространённую в обществе двойственность отношения к вакцинации: признание пользы при одновременном страхе перед побочными эффектами.,декларация,,,,
3,"Взрослая жизнь, семейный этап",Практики обращения к медицинским услугам,"Обращается к врачам только по необходимости, избегает больниц из-за траты времени и нежелания лишний раз принимать лекарства. Регулярно проходит диспансеризации.","Стараюсь, конечно, не сотрудничать, потому что не очень люблю, конечно, больницы.","Сдержанный, рациональный","Рациональность, самостоятельность","Преобладает стратегия минимизации контакта с медициной, характерная для людей с базовым доверием к системе, но без избыточной тревожности.",эпизод,Государственная поликлиника,,,
4,"Взрослая жизнь, семейный этап",Оценка качества медицинской помощи,"В целом довольна медицинской помощью, негативных случаев не было, врачи дружелюбны. Единственный эпизод — сложности с приёмом при ОРВИ, но в итоге помощь была оказана.","Ну и то мне тогда помогли все равно. Когда у меня там возникла температура... они сказали, ой, у нас только тяжелые случаи... Но, по-моему, в тот день я добилась, что меня все-таки приняли.","Умеренно удовлетворённый, настойчивый","Настойчивость, справедливость","Респондентка демонстрирует активную позицию в отстаивании своих прав на медицинскую помощь, что характерно для людей с определённым уровнем уверенности.",эпизод,,,,
5,"Взрослая жизнь, семейный этап",Финансовые аспекты медицины,"Считает стоимость лечения высокой, но кредитов на медицину брать не приходилось. Лишний раз не обращается к врачам из-за дороговизны.","Ну, я думаю, что стоимость лечения дороговата. То есть, если ты пойдешь в аптеку, в принципе, ты должен купить на тысячу, полторы, две.",Сдержанная неудовлетворённость,"Экономность, рациональность","Высокая стоимость медицины становится барьером для обращения, что типично для семей со средним доходом.",декларация,,,,
6,"Взрослая жизнь, семейный этап",Эмоциональное состояние и стресс,"В целом эмоциональное состояние позитивное и уравновешенное, бывают усталость и стресс, но не тревога или подавленность.","Позитивное, хорошее состояние. Без резких эмоциональных сквелетков, без серик. Уравновешенное в целом.","Позитивный, спокойный","Устойчивость, самообладание","Демонстрируется установка на эмоциональную стабильность, что может быть связано с семейными и профессиональными обязанностями.",декларация,,,,
7,"Взрослая жизнь, семейный этап",Стратегии совладания со стрессом,"Для снятия стресса использует спонтанный шопинг, вкусную еду, прогулки. Не обращается за психологической помощью, даже в кризис.","Ну, стараюсь что-то, допустим, себе купить. Там, из одежды, например. Ну, то есть, какой-то спонтанный шопинг, да, мне помогает.","Прагматичный, самоподдерживающий","Самостоятельность, забота о себе",Типичная стратегия самопомощи для женщин среднего класса — потребительские практики как способ эмоциональной регуляции.,эпизод,,,,
8,"Взрослая жизнь, семейный этап",Отношение к психологической помощи,"В целом позитивно относится к психологической помощи, но сама не обращалась, даже в период депрессии, считая это дорогим и предпочитая справляться самостоятельно.","Даже в этот момент, когда у меня был кризис, депрессия конкретная, я почему-то не посчитала важным обратиться за помощью.","Сдержанная, рефлексивная","Самостоятельность, экономия",Склонность к самостоятельному преодолению трудностей и экономические барьеры ограничивают обращение за психологической помощью.,декларация,,,,
9,"Взрослая жизнь, семейный этап",Забота о близких и поддержка,"Переживает за здоровье близких, но старается проявлять поддержку, а не уходить в тревогу. Помогать с обращением к врачам пока не приходилось.","Я стараюсь все равно больше не в переживании уйти, а как-то вот в поддержку, и чтобы их самих приободрить.","Заботливый, поддерживающий","Семейственность, поддержка","Роль эмоционального опекуна в семье, характерная для женщин в традиционных и смешанных семейных моделях.",декларация,,,,
10,"Взрослая жизнь, семейный этап",Отношение к здоровью в будущем и запас прочности,"О будущем здоровье задумывается мало, но считает, что обладает достаточным запасом прочности и выносливости для преодоления трудностей.","мой запас срочности, выносливости, да, скажем так, он увеличился, и я понимаю, что, ну, нормально будет, даже если будет там, капец, плохо, то все равно как-нибудь выйдем из этой ситуации.","Уверенный, спокойный","Оптимизм, устойчивость","Демонстрируется установка на внутренние ресурсы и адаптивность, что типично для людей, прошедших через кризисы.",декларация,,,,
11,"Взрослая жизнь, семейный этап",Финансовое положение семьи,"Оценивает финансовое положение как среднее, на крупные покупки нужно копить, ипотеку потянуть сложно. Доходы складываются из официальной и неофициальной работы респондентки и официальной работы супруга.","То есть на что-то большое не хватит, но если поднакопить, то можно и большое что-то купить.","Умеренно удовлетворённый, прагматичный","Стабильность, самостоятельность","Семья с типичным для среднего класса доходом, использует как официальные, так и неофициальные источники заработка.",декларация,,,Официальная и неофициальная занятость,
12,"Взрослая жизнь, семейный этап",Отношение к серым зарплатам,"Положительно относится к неофициальным зарплатам, считает, что без них многие бизнесы не выжили бы из-за налоговой нагрузки.","Если ты даешь белую зарплату, то ты должен еще где-то 50%, плюс-минус, еще накинуть сверху, денег дать, чтобы никаких долгов не было.","Прагматичный, реалистичный","Рациональность, выживаемость бизнеса",Распространённая в малом бизнесе и среди работников практика оправдания неофициальных выплат как вынужденной меры.,декларация,,,Неофициальная занятость,
13,"Взрослая жизнь, семейный этап",Структура расходов и экономия,"Основные расходы — питание, жильё, отдых. Экономят ради крупной покупки (ипотеки), в первую очередь на отдыхе и неосновных продуктах.","Вот, мы сейчас, говорю, собираем на ипотеку, поэтому мы немножко экономим, да.","Прагматичный, целеустремлённый","Целеустремлённость, рациональность",Стратегия накопления на жильё через ограничение текущего потребления — типичная для молодых семей.,эпизод,,1.0,,
14,"Взрослая жизнь, семейный этап",Потребительские привычки и отношение к брендам,"Планирует покупки, избегает спонтанных трат, к брендам относится спокойно, важнее качество. Скидки воспринимает положительно, но осторожно.","В последнее время мне бренды не важны, мне важно качество товара, вот скажем так.","Рациональный, осознанный","Качество, рациональность",Переход от бренд-ориентированного к функциональному потреблению характерен для зрелых потребителей.,декларация,,,,
15,"Взрослая жизнь, семейный этап",Покупки на маркетплейсах,"Покупает на Wildberries, но нечасто, предпочитает целевые покупки, чтобы избежать спонтанных трат. Озоном не пользуется.","Ну, на вайбрис, да, я делаю покупки, но не часто, там, не знаю, раз в месяц, раз в два вот так.","Сдержанный, рациональный","Рациональность, контроль расходов","Маркетплейсы становятся частью повседневного потребления, но респондентка осознанно ограничивает их использование.",эпизод,,,Покупки на маркетплейсах,
16,"Взрослая жизнь, семейный этап",Крупные покупки и кредиты,"Крупные покупки обсуждаются с мужем, планируются заранее, кредиты не любит, предпочитает рассчитывать на собственные силы.","Ну, пользовалась раньше, но вообще не очень люблю кредиты, потому что, ну, все равно ты понимаешь, что ты кому-то должен, и это тоже, ну, как бы не очень приятно.","Сдержанный, осторожный","Самостоятельность, финансовая независимость","Отражает осторожное отношение к кредитам, характерное для семей с опытом долговых обязательств.",декларация,,,,
17,"Взрослая жизнь, семейный этап",Организация повседневных покупок,"Покупки продуктов осуществляются совместно с мужем, закупки раз в неделю в большом магазине, доставка не используется из-за негативного опыта и шаговой доступности магазинов.","В основном закупаемся, но раз в неделю мы ездим на седанку, сити, у нас есть магазин большой. Но в последнее время я смотрю так, что сейчас уже уровень цен в сетевых магазинах, что в большом, что в маленьком, плюс-минус одинаковые.","Рациональный, прагматичный","Рациональность, семейное сотрудничество",Совместное ведение хозяйства и отказ от доставки — проявление традиционных и рациональных моделей потребления.,эпизод,,,,
1,"Взрослая жизнь, работающая женщина",Покупка готовой еды и отношение к бюджету,"Респондентка предпочитает покупать готовую еду, особенно когда занята или устала. При этом она старается выбирать более бюджетные варианты.","Особенно, когда, допустим, понимаешь, что вечер у тебя будет интересный, какой-то занятостью, или, например, бывает просто лень готовить, да, тоже такое бывает у женщин, наверное, у всех.","спокойствие, практичность","комфорт, рациональность, экономия",Потребительское поведение респондентки отражает типичный для городских жителей прагматизм и ориентацию на удобство при ограниченных ресурсах.,эпизод,,,покупка готовой еды,
2,"Взрослая жизнь, родитель",Отношение к платному образованию,"Позитивно относится к платному образованию, видит в нем возможность индивидуального подхода и шанс получить образование тем, кто не прошел на бюджет.","Репетиторы, допустим, хорошо бывает, помогают подготовиться ученикам, чем даже учитель, потому что, ну, он может увидеть именно пробелы данного этого ученика, да, он индивидуально с ним занимается.","позитив, рациональность","образование, индивидуальный подход, возможности","Респондентка демонстрирует ценность образования и готовность инвестировать в него, что характерно для среднего класса.",декларация,образовательные услуги,,,
3,Семейная жизнь,Финансовые разногласия в семье,"В семье случаются споры по поводу трат, но удается находить компромиссы.","Ну, бывает мы спорим, кто куда чего потратит. Но в целом мы находим компромисс вот так.","спокойствие, уверенность","компромисс, семейная гармония","Типичная для семей с совместным бюджетом ситуация, где важны навыки переговоров и компромисса.",эпизод,,,,
4,"Взрослая жизнь, самореализация",Гендерные роли и карьера,"Считает, что мужчина должен обеспечивать семью, но не согласна с тем, что женщина обязана строить карьеру — это индивидуальный выбор.","То, что мужчина должен обеспечить семью, как говорится, это вообще, ну, самый важный постулат, наверное... А кому-то и домохозяйкой может хорошо быть его предназначение.","размышление, принятие","традиционные роли, индивидуальность, свобода выбора","Респондентка сочетает традиционные взгляды с признанием индивидуальных путей для женщин, что отражает переходные ценности в обществе.",декларация,,,,
5,Взрослая жизнь,Деньги как возможности,Деньги воспринимаются как инструмент для расширения возможностей и повышения качества жизни.,Деньги – это возможности. Потому что для меня деньги – это равно возможности.,"уверенность, прагматизм","материальное благополучие, возможности",Финансовая мотивация и ориентация на улучшение условий жизни типичны для представителей среднего класса.,декларация,,,,
6,Переход от молодости к зрелости,Восприятие дохода и потребностей,"Доход всегда воспринимается как недостаточный, потребности растут с возрастом.","Что мне тогда, когда я студентка, было 20 тысяч недостаточно. Сейчас я взрослый человек, мне моего дохода недостаточно.","реализм, легкая неудовлетворенность","развитие, стремление к лучшему","Демонстрирует динамику потребностей и неудовлетворенность доходом, характерную для общества потребления.",узел,,,,
7,Взрослая жизнь,Связь счастья и денег,"Не считает счастье и деньги тождественными, но для комфортной жизни желает увеличить доход в 2-3 раза.","Ну, вообще счастье и деньги не совсем, мне кажется, тождественные понятия, скажем так.","размышление, реализм","достаток, счастье, баланс","Респондентка разделяет материальное и нематериальное благополучие, что характерно для зрелого взгляда на жизнь.",декларация,,,,
8,Взрослая жизнь,Опыт взаимодействия с государственными органами,"В целом позитивно оценивает опыт, особенно благодаря цифровизации (госуслуги). Ассоциирует госорганы с честностью и справедливостью.","Особенно мне нравится сейчас то, что появились госуслуги. Это значительно упрощает нашу жизнь, на мой взгляд.","позитив, благодарность","справедливость, честность, удобство",Цифровизация государственных услуг повышает удовлетворенность граждан взаимодействием с институтами.,эпизод,госуслуги,,,
9,Семейная история,Полиция и личный опыт,"Отец работал в полиции, сама не обращалась и не хочет сталкиваться с полицией из-за неприятных разбирательств.","У меня папа в полиции раньше служил, скажем так. Но сами в полицию мне обращались. И да и бог не обратимся.","настороженность, избегание","спокойствие, безопасность","Демонстрирует дистанцию и недоверие к силовым структурам, несмотря на семейную связь.",эпизод,,,,
10,Взрослая жизнь,Опыт мошенничества,"Столкнулась с мошенничеством на небольшие суммы, но не обращалась в полицию, чтобы избежать бюрократии и стресса.","Ну да, просто я вот как-то не хочу вот это вот, ну, какие-то разбирательства, выяснения, дачи показаний.","раздражение, усталость","экономия времени, спокойствие",Отражает недоверие к эффективности правоохранительных органов и желание минимизировать стресс.,эпизод,,,,
11,Взрослая жизнь,Опыт судебных разбирательств,"Был опыт судебного процесса с соседями, предпочитает мирное разрешение конфликтов, суд воспринимает как неприятную необходимость.","Если ты обвиняемый, вообще не хочется. Если ты хочешь какое-то свое право отстоять, да, тоже не очень приятно, потому что тебе нужно ходить по инстанциям.","неудовольствие, усталость","мирное решение, справедливость","Судебная система воспринимается как сложная и обременительная, что снижает готовность граждан защищать свои права.",эпизод,,,,
12,Взрослая жизнь,Отношение к армии и СВО,"Армию воспринимает как защиту, но военные действия вызывают страх и сочувствие к пострадавшим.","Когда попадаешь в реальные военные действия, ничего от этого хорошего нет. Много людей погибает, и это страшно.","страх, сочувствие","мир, безопасность",Отражает антивоенные настроения и дистанцию от милитаристских ценностей.,декларация,,,,
13,Взрослая жизнь,Налоги и бизнес,"Считает налоговую нагрузку высокой, особенно для малого бизнеса, что вызывает негативные эмоции.","С одной стороны, хорошо относишься, но с другой стороны, сколько много налогов приходится оплачивать. И каждый раз как сидишь и плачешь.","раздражение, усталость","справедливость, поддержка бизнеса",Высокая налоговая нагрузка воспринимается как препятствие для предпринимательства.,декларация,,,малый бизнес,
14,Студенчество,Опыт получения социальной помощи,"Положительно оценивает опыт получения льгот (бесплатный проезд) в университете, несмотря на бюрократию.","Нам давали бесплатный проезд или что-то такое, короче, какое-то количество поездок, и мне даже это понравилось.","благодарность, легкая усталость","поддержка, справедливость",Социальная поддержка студентов воспринимается как значимая и полезная.,эпизод,социальная поддержка,,,
15,Взрослая жизнь,Отношение к кредитам и коллекторам,"Избегает кредитов из-за страха задолженности и потери имущества, считает взыскание долгов необходимым, но неприятным.","Потому что внутри ощущение, что ты должен кому-то, а не дай бог ты просрочишь, и тебя заберут половину твоего имущества.","тревога, осторожность","финансовая независимость, безопасность",Страх перед кредитами и коллекторами характерен для людей с негативным опытом или наблюдением чужих проблем.,декларация,,,,
16,Взрослая жизнь,Оформление документов и цифровизация,"Положительно оценивает цифровые сервисы для оформления документов, отмечает удобство и скорость.","Очень сильные сайты, которые помогают вот этим документам оформить быстро, в электронной части оформить.",удовлетворение,"удобство, технологичность",Рост цифровых сервисов повышает удовлетворенность граждан взаимодействием с государством.,эпизод,"МФЦ, госуслуги",,,
17,Взрослая жизнь,Доверие к государственным органам,"Доверие к государственным органам среднее, органы больше ограничивают, чем дают возможности.","Они больше ограничивают, чем дают возможность. Но в целом малопозитивное, среднее отношение.","скепсис, умеренность","справедливость, свобода",Недостаток доверия к государству типичен для современных российских граждан.,декларация,,,,
18,Взрослая жизнь,Власть и политика,"Позитивно оценивает местную власть за реальные улучшения, к федеральной власти относится сдержанно, желает окончания войны.","Поэтому, в принципе, в целом, по России я не знаю тенденцию, сложно оценить, но в целом к власти позитивно отношусь, но к той, которая действительно что-то делает, а не просто говорит.","прагматизм, надежда","результативность, мир",Доверие к власти зависит от видимых результатов на местном уровне.,декларация,,,,
19,Взрослая жизнь,Отношение к политике и международным вопросам,"Политикой не интересуется, считает это мужской сферой, новости вызывают негативные эмоции. По международной политике выступает за компромисс и мир.","Нет, политика больше для мужчин, я в это не сильно интересуюсь, потому что, когда начинаю слушать новости, ну, как-то больше расстраиваюсь.","отстраненность, тревога","мир, спокойствие",Гендерные стереотипы и эмоциональное дистанцирование от политики типичны для части женской аудитории.,декларация,,,,
20,Взрослая жизнь,Внутренняя политика и приоритеты,"Считает важными импортозамещение, развитие инфраструктуры, строительство школ и детсадов.","Импортозамещение, мне кажется, важно. Потом строительство каких-нибудь школ, детских садов, учреждений, да, тоже очень такое интересное, полезное.","прагматизм, забота","развитие, забота о будущем",Приоритеты респондентки отражают ориентацию на социальное развитие и инфраструктуру.,декларация,,,,
21,Взрослая жизнь,Отношение к выборам,"Скептически относится к выборам, считает, что результат предрешен, но участвует в них.","На самом деле уже, как говорится, все решено в плане того, что люди уже просто выбирают тех, кто уже сейчас работает по привычке, мне кажется.","скепсис, равнодушие","гражданский долг, реализм",Скепсис по отношению к выборам типичен для российского электората.,декларация,,,,
22,Взрослая жизнь,Монополия государства в экономике,"Двойственное отношение к монополии государства: проще управлять, но нет конкуренции и цены фиксированы.",Государство тогда сами держат уровень цен на эти товары. И никакой конкуренции нет.,амбивалентность,"справедливость, эффективность",Видна дилемма между эффективностью управления и недостатком рыночной конкуренции.,декларация,,,,
23,Взрослая жизнь,Социальная политика государства,"Позитивно оценивает пенсии, пособия, здравоохранение, но отмечает недостаточность поддержки и высокий стресс на работе.","Государство поддерживает стариков, военнослужащих, это тоже хорошо.","позитив, критичность","забота, поддержка",Ожидания социальной поддержки сочетаются с критикой недостаточности мер.,декларация,,,,
24,Взрослая жизнь,Использование цифровых технологий и соцсетей,"Активно использует мессенджеры, профессионально — YouTube и Instagram, не увлекается блогами и соцсетями для досуга.","Ну, мне нравятся телеграммы, ватсап, больше всего их использую.",удовлетворение,"удобство, профессионализм",Преобладание утилитарного подхода к цифровым технологиям.,эпизод,,,,
25,Взрослая жизнь,Отношение к искусственному интеллекту,"Позитивно относится к ИИ и чат-ботам, считает, что полностью людей не заменят, но возможна конкуренция.","Чат-боты тоже хорошая идея, потому что где-то помогает экономить время. Но оператор иногда очень нужен.","прагматизм, умеренный оптимизм","инновации, критическое мышление","Видит плюсы и минусы ИИ, осознает риски для рынка труда.",декларация,,,,
26,"Взрослая жизнь, педагог",Влияние цифровых технологий на детей,"Отмечает, что дети и взрослые проводят слишком много времени за гаджетами, что приводит к конфликтам в семье и на работе.",Потому что даже на уроках очень сложно детей оттащить от компьютера.,беспокойство,"баланс, воспитание",Проблема цифровой зависимости становится актуальной для семей и образовательных учреждений.,декларация,,,,
1,"настоящее, прошедший год",Влияние событий последнего года,"Респондент отмечает, что за последний год на него повлияла экологическая катастрофа в Черном море, однако это не вызвало значимых изменений в жизни, кроме небольшой эко-привычки. Другие события, такие как юбилей школы, были приятными, но незначимыми.","Ну, вот меня затронуло, конечно, что было в Черном море, да, вот экологическая катастрофа. Просто она меня затронула, что много животных умерло, да. Но на мой ужас, конечно, это никак не повлияло, ну, потому что... Ну, только единственное, как бы, больше, что... Меньше страшно мусора выкидывать.","легкая тревога, равнодушие, умеренная рефлексия","экологическая ответственность, эмпатия, умеренная вовлеченность","Респондент демонстрирует чувствительность к общественно значимым событиям, но отмечает слабое влияние их на собственную жизнь. Это отражает типичную дистанцию между личным и общественным в восприятии событий.",эпизод,"экологические движения, школа",,,False
2,"настоящее, прошедший год",Общее ощущение изменений за год,"Респондент оценивает прошедший год как немного улучшившийся, но без существенных изменений. Эмоциональное состояние осталось стабильным.","Ну, мне кажется, что чуть-чуть лучше стало, но не насильно. Это практически не изменилось вот так.","спокойствие, умеренный оптимизм","стабильность, принятие текущего положения",Отсутствие резких изменений и эмоциональных колебаний может свидетельствовать о зрелой адаптации к жизненным обстоятельствам.,декларация,,,,False
3,настоящее и ближайшее будущее,Планы и ожидания на будущее,"Респондент строит планы, связанные с улучшением материального положения, развитием бизнеса, профессиональными успехами учеников и возможностью взять ипотеку. Ожидания разделены на среднесрочную и долгосрочную перспективу.","Я жду, что мы все-таки сможем взять ипотеку, что уровень дохода повысится. Хотелось бы, что проект, который мы сейчас делаем по бизнесу, он разовьется. Ученики Будет больше благодарных учеников, да, будут более высокие у них результаты по экзаменам, по каким-то мероприятиям.","умеренный оптимизм, целеустремленность","развитие, профессионализм, материальное благополучие, ответственность","Планы респондента отражают типичные для среднего класса ценности: стремление к финансовой стабильности, профессиональному росту и улучшению жилищных условий.",узел,"образование, рынок недвижимости",ожидает улучшения жилищных условий через ипотеку,планирует участие в ипотечном рынке,False
4,настоящее и ближайшее будущее,Контроль над жизнью и источники изменений,"Респондент считает, что успехи и изменения в жизни зависят в первую очередь от собственных решений и действий, а не от внешних обстоятельств.","Я думаю, конечно, это будет больше зависеть от моих решений, потому что надеяться на манну небесную, наверное, не приходится.","уверенность, самостоятельность","самостоятельность, активность, вера в личную ответственность","Высокий уровень внутреннего локуса контроля характерен для людей, ориентированных на достижение и самостоятельное управление жизнью.",декларация,,,,False
5,"рефлексия, итог разговора",Жизненные ценности,"Респондент выделяет ключевые ценности: саморазвитие, активность, семья, поддержка, здоровье, материальное благополучие.","Важно саморазвитие, активность, семья тоже важна, поддержка друг друга, хорошее здоровье, материальное благополучие.","уверенность, спокойствие","саморазвитие, семья, здоровье, материальное благополучие, поддержка","Набор ценностей респондента типичен для представителей среднего класса, ориентированных на баланс между личным ростом и семейными отношениями.",декларация,,,,False
6,"рефлексия, самоопределение",Самоидентификация и личные качества,"Респондент определяет себя как активного, инициативного человека, стремящегося к улучшениям и новым опытам.","Я активный, инициативный человек, пробующий что-то новое, стараюсь улучшить какие-то процессы.","уверенность, позитив","инициативность, активность, стремление к развитию",Самоидентификация через активность и инициативу свидетельствует о внутренней мотивации и ориентации на личностный рост.,декларация,,,,False
7,"рефлексия, оценка жизненного пути",Оценка жизненного пути,Респондент воспринимает свой жизненный путь как состоящий из взлетов и падений.,Со смётными падениями.,"принятие, спокойствие","реализм, принятие жизненных трудностей",Краткая ироничная формулировка указывает на зрелое отношение к жизненным трудностям и опытам.,декларация,,,,False
8,"рефлексия, отношение к страхам",Страхи и отношение к ним,"Респондент отмечает, что страхов как таковых уже нет, считает, что нужно больше действовать, чтобы добиться успеха.","Ну, наверное, страхов уже как бы-то каковых нет. Просто надо больше действовать, мне кажется, и потихоньку все раскачается, и все равно должно как-то получиться, я думаю.","уверенность, спокойствие","действие, вера в успех, отсутствие страха","Преодоление страхов через активность — характерная черта зрелой личности, ориентированной на действие.",декларация,,,,False
009,"рефлексия, итог интервью",Рефлексия над интервью и самоощущение,"Респондент отмечает, что было интересно проанализировать свою жизнь в ретроспективе, обычно такой самоанализ не проводится. В целом после разговора чувствует удовлетворение.","Ну, было интересно все равно посмотреть, проанализировать такую ретроспективу, да, сделать, потому что, ну, обычно же ты так не анализируешь никогда, только как-то вспоминаешь события, так, конечно, было интересно.","интерес, удовлетворение","рефлексия, самоанализ","Интервью становится для респондента инструментом саморефлексии, что может способствовать личностному росту.",эпизод,,,,False
